Year, Month, Day,     Extent,    Missing, Source Data
YYYY,    MM,  DD, 10^6 sq km, 10^6 sq km, Source data product web sites: http://nsidc.org/data/nsidc-0081.html and http://nsidc.org/data/nsidc-0051.html
1978,    10,  26,     17.624,      0.000, ['ftp://sidads.colorado.edu/pub/DATASETS/nsidc0051_gsfc_nasateam_seaice/final-gsfc/south/daily/1978/nt_19781026_n07_v1.1_s.bin']
1978,    10,  28,     17.803,      0.000, ['ftp://sidads.colorado.edu/pub/DATASETS/nsidc0051_gsfc_nasateam_seaice/final-gsfc/south/daily/1978/nt_19781028_n07_v1.1_s.bin']
1978,    10,  30,     17.670,      0.000, ['ftp://sidads.colorado.edu/pub/DATASETS/nsidc0051_gsfc_nasateam_seaice/final-gsfc/south/daily/1978/nt_19781030_n07_v1.1_s.bin']
1978,    11,  01,     17.527,      0.000, ['ftp://sidads.colorado.edu/pub/DATASETS/nsidc0051_gsfc_nasateam_seaice/final-gsfc/south/daily/1978/nt_19781101_n07_v1.1_s.bin']
1978,    11,  03,     17.486,      0.000, ['ftp://sidads.colorado.edu/pub/DATASETS/nsidc0051_gsfc_nasateam_seaice/final-gsfc/south/daily/1978/nt_19781103_n07_v1.1_s.bin']
1978,    11,  05,     17.343,      0.000, ['ftp://sidads.colorado.edu/pub/DATASETS/nsidc0051_gsfc_nasateam_seaice/final-gsfc/south/daily/1978/nt_19781105_n07_v1.1_s.bin']
1978,    11,  07,     17.157,      0.000, ['ftp://sidads.colorado.edu/pub/DATASETS/nsidc0051_gsfc_nasateam_seaice/final-gsfc/south/daily/1978/nt_19781107_n07_v1.1_s.bin']
1978,    11,  09,     17.028,      0.000, ['ftp://sidads.colorado.edu/pub/DATASETS/nsidc0051_gsfc_nasateam_seaice/final-gsfc/south/daily/1978/nt_19781109_n07_v1.1_s.bin']
1978,    11,  11,     16.815,      0.000, ['ftp://sidads.colorado.edu/pub/DATASETS/nsidc0051_gsfc_nasateam_seaice/final-gsfc/south/daily/1978/nt_19781111_n07_v1.1_s.bin']
1978,    11,  13,     16.371,      0.000, ['ftp://sidads.colorado.edu/pub/DATASETS/nsidc0051_gsfc_nasateam_seaice/final-gsfc/south/daily/1978/nt_19781113_n07_v1.1_s.bin']
1978,    11,  15,     16.176,      0.000, ['ftp://sidads.colorado.edu/pub/DATASETS/nsidc0051_gsfc_nasateam_seaice/final-gsfc/south/daily/1978/nt_19781115_n07_v1.1_s.bin']
1978,    11,  17,     15.520,      0.000, ['ftp://sidads.colorado.edu/pub/DATASETS/nsidc0051_gsfc_nasateam_seaice/final-gsfc/south/daily/1978/nt_19781117_n07_v1.1_s.bin']
1978,    11,  19,     15.267,      0.000, ['ftp://sidads.colorado.edu/pub/DATASETS/nsidc0051_gsfc_nasateam_seaice/final-gsfc/south/daily/1978/nt_19781119_n07_v1.1_s.bin']
1978,    11,  21,     15.027,      0.000, ['ftp://sidads.colorado.edu/pub/DATASETS/nsidc0051_gsfc_nasateam_seaice/final-gsfc/south/daily/1978/nt_19781121_n07_v1.1_s.bin']
1978,    11,  23,     14.681,      0.000, ['ftp://sidads.colorado.edu/pub/DATASETS/nsidc0051_gsfc_nasateam_seaice/final-gsfc/south/daily/1978/nt_19781123_n07_v1.1_s.bin']
1978,    11,  25,     14.449,      0.000, ['ftp://sidads.colorado.edu/pub/DATASETS/nsidc0051_gsfc_nasateam_seaice/final-gsfc/south/daily/1978/nt_19781125_n07_v1.1_s.bin']
1978,    11,  27,     13.980,      0.000, ['ftp://sidads.colorado.edu/pub/DATASETS/nsidc0051_gsfc_nasateam_seaice/final-gsfc/south/daily/1978/nt_19781127_n07_v1.1_s.bin']
1978,    11,  29,     13.619,      0.000, ['ftp://sidads.colorado.edu/pub/DATASETS/nsidc0051_gsfc_nasateam_seaice/final-gsfc/south/daily/1978/nt_19781129_n07_v1.1_s.bin']
1978,    12,  01,     13.330,      0.000, ['ftp://sidads.colorado.edu/pub/DATASETS/nsidc0051_gsfc_nasateam_seaice/final-gsfc/south/daily/1978/nt_19781201_n07_v1.1_s.bin']
1978,    12,  03,     13.097,      0.000, ['ftp://sidads.colorado.edu/pub/DATASETS/nsidc0051_gsfc_nasateam_seaice/final-gsfc/south/daily/1978/nt_19781203_n07_v1.1_s.bin']
1978,    12,  05,     12.829,      0.000, ['ftp://sidads.colorado.edu/pub/DATASETS/nsidc0051_gsfc_nasateam_seaice/final-gsfc/south/daily/1978/nt_19781205_n07_v1.1_s.bin']
1978,    12,  07,     12.436,      0.000, ['ftp://sidads.colorado.edu/pub/DATASETS/nsidc0051_gsfc_nasateam_seaice/final-gsfc/south/daily/1978/nt_19781207_n07_v1.1_s.bin']
1978,    12,  09,     11.963,      0.000, ['ftp://sidads.colorado.edu/pub/DATASETS/nsidc0051_gsfc_nasateam_seaice/final-gsfc/south/daily/1978/nt_19781209_n07_v1.1_s.bin']
1978,    12,  11,     11.652,      0.000, ['ftp://sidads.colorado.edu/pub/DATASETS/nsidc0051_gsfc_nasateam_seaice/final-gsfc/south/daily/1978/nt_19781211_n07_v1.1_s.bin']
1978,    12,  13,     11.148,      0.000, ['ftp://sidads.colorado.edu/pub/DATASETS/nsidc0051_gsfc_nasateam_seaice/final-gsfc/south/daily/1978/nt_19781213_n07_v1.1_s.bin']
1978,    12,  15,     10.664,      0.000, ['ftp://sidads.colorado.edu/pub/DATASETS/nsidc0051_gsfc_nasateam_seaice/final-gsfc/south/daily/1978/nt_19781215_n07_v1.1_s.bin']
1978,    12,  17,     10.239,      0.000, ['ftp://sidads.colorado.edu/pub/DATASETS/nsidc0051_gsfc_nasateam_seaice/final-gsfc/south/daily/1978/nt_19781217_n07_v1.1_s.bin']
1978,    12,  19,      9.758,      0.000, ['ftp://sidads.colorado.edu/pub/DATASETS/nsidc0051_gsfc_nasateam_seaice/final-gsfc/south/daily/1978/nt_19781219_n07_v1.1_s.bin']
1978,    12,  21,      9.362,      0.000, ['ftp://sidads.colorado.edu/pub/DATASETS/nsidc0051_gsfc_nasateam_seaice/final-gsfc/south/daily/1978/nt_19781221_n07_v1.1_s.bin']
1978,    12,  23,      8.706,      0.000, ['ftp://sidads.colorado.edu/pub/DATASETS/nsidc0051_gsfc_nasateam_seaice/final-gsfc/south/daily/1978/nt_19781223_n07_v1.1_s.bin']
1978,    12,  25,      8.362,      0.000, ['ftp://sidads.colorado.edu/pub/DATASETS/nsidc0051_gsfc_nasateam_seaice/final-gsfc/south/daily/1978/nt_19781225_n07_v1.1_s.bin']
1978,    12,  27,      7.907,      0.000, ['ftp://sidads.colorado.edu/pub/DATASETS/nsidc0051_gsfc_nasateam_seaice/final-gsfc/south/daily/1978/nt_19781227_n07_v1.1_s.bin']
1978,    12,  29,      7.588,      0.000, ['ftp://sidads.colorado.edu/pub/DATASETS/nsidc0051_gsfc_nasateam_seaice/final-gsfc/south/daily/1978/nt_19781229_n07_v1.1_s.bin']
1978,    12,  31,      7.283,      0.000, ['ftp://sidads.colorado.edu/pub/DATASETS/nsidc0051_gsfc_nasateam_seaice/final-gsfc/south/daily/1978/nt_19781231_n07_v1.1_s.bin']
1979,    01,  02,      6.945,      0.000, ['ftp://sidads.colorado.edu/pub/DATASETS/nsidc0051_gsfc_nasateam_seaice/final-gsfc/south/daily/1979/nt_19790102_n07_v1.1_s.bin']
1979,    01,  04,      6.838,      0.000, ['ftp://sidads.colorado.edu/pub/DATASETS/nsidc0051_gsfc_nasateam_seaice/final-gsfc/south/daily/1979/nt_19790104_n07_v1.1_s.bin']
1979,    01,  06,      6.638,      0.000, ['ftp://sidads.colorado.edu/pub/DATASETS/nsidc0051_gsfc_nasateam_seaice/final-gsfc/south/daily/1979/nt_19790106_n07_v1.1_s.bin']
1979,    01,  08,      6.270,      0.000, ['ftp://sidads.colorado.edu/pub/DATASETS/nsidc0051_gsfc_nasateam_seaice/final-gsfc/south/daily/1979/nt_19790108_n07_v1.1_s.bin']
1979,    01,  10,      6.138,      0.000, ['ftp://sidads.colorado.edu/pub/DATASETS/nsidc0051_gsfc_nasateam_seaice/final-gsfc/south/daily/1979/nt_19790110_n07_v1.1_s.bin']
1979,    01,  12,      5.952,      0.000, ['ftp://sidads.colorado.edu/pub/DATASETS/nsidc0051_gsfc_nasateam_seaice/final-gsfc/south/daily/1979/nt_19790112_n07_v1.1_s.bin']
1979,    01,  14,      5.564,      0.000, ['ftp://sidads.colorado.edu/pub/DATASETS/nsidc0051_gsfc_nasateam_seaice/final-gsfc/south/daily/1979/nt_19790114_n07_v1.1_s.bin']
1979,    01,  16,      5.379,      0.000, ['ftp://sidads.colorado.edu/pub/DATASETS/nsidc0051_gsfc_nasateam_seaice/final-gsfc/south/daily/1979/nt_19790116_n07_v1.1_s.bin']
1979,    01,  18,      5.233,      0.000, ['ftp://sidads.colorado.edu/pub/DATASETS/nsidc0051_gsfc_nasateam_seaice/final-gsfc/south/daily/1979/nt_19790118_n07_v1.1_s.bin']
1979,    01,  20,      4.984,      0.000, ['ftp://sidads.colorado.edu/pub/DATASETS/nsidc0051_gsfc_nasateam_seaice/final-gsfc/south/daily/1979/nt_19790120_n07_v1.1_s.bin']
1979,    01,  22,      4.609,      0.000, ['ftp://sidads.colorado.edu/pub/DATASETS/nsidc0051_gsfc_nasateam_seaice/final-gsfc/south/daily/1979/nt_19790122_n07_v1.1_s.bin']
1979,    01,  24,      4.397,      0.000, ['ftp://sidads.colorado.edu/pub/DATASETS/nsidc0051_gsfc_nasateam_seaice/final-gsfc/south/daily/1979/nt_19790124_n07_v1.1_s.bin']
1979,    01,  26,      4.184,      0.000, ['ftp://sidads.colorado.edu/pub/DATASETS/nsidc0051_gsfc_nasateam_seaice/final-gsfc/south/daily/1979/nt_19790126_n07_v1.1_s.bin']
1979,    01,  28,      4.004,      0.000, ['ftp://sidads.colorado.edu/pub/DATASETS/nsidc0051_gsfc_nasateam_seaice/final-gsfc/south/daily/1979/nt_19790128_n07_v1.1_s.bin']
1979,    01,  30,      3.898,      0.000, ['ftp://sidads.colorado.edu/pub/DATASETS/nsidc0051_gsfc_nasateam_seaice/final-gsfc/south/daily/1979/nt_19790130_n07_v1.1_s.bin']
1979,    02,  01,      3.704,      0.000, ['ftp://sidads.colorado.edu/pub/DATASETS/nsidc0051_gsfc_nasateam_seaice/final-gsfc/south/daily/1979/nt_19790201_n07_v1.1_s.bin']
1979,    02,  03,      3.516,      0.000, ['ftp://sidads.colorado.edu/pub/DATASETS/nsidc0051_gsfc_nasateam_seaice/final-gsfc/south/daily/1979/nt_19790203_n07_v1.1_s.bin']
1979,    02,  05,      3.367,      0.000, ['ftp://sidads.colorado.edu/pub/DATASETS/nsidc0051_gsfc_nasateam_seaice/final-gsfc/south/daily/1979/nt_19790205_n07_v1.1_s.bin']
1979,    02,  07,      3.326,      0.000, ['ftp://sidads.colorado.edu/pub/DATASETS/nsidc0051_gsfc_nasateam_seaice/final-gsfc/south/daily/1979/nt_19790207_n07_v1.1_s.bin']
1979,    02,  09,      3.212,      0.000, ['ftp://sidads.colorado.edu/pub/DATASETS/nsidc0051_gsfc_nasateam_seaice/final-gsfc/south/daily/1979/nt_19790209_n07_v1.1_s.bin']
1979,    02,  11,      3.043,      0.000, ['ftp://sidads.colorado.edu/pub/DATASETS/nsidc0051_gsfc_nasateam_seaice/final-gsfc/south/daily/1979/nt_19790211_n07_v1.1_s.bin']
1979,    02,  13,      3.049,      0.000, ['ftp://sidads.colorado.edu/pub/DATASETS/nsidc0051_gsfc_nasateam_seaice/final-gsfc/south/daily/1979/nt_19790213_n07_v1.1_s.bin']
1979,    02,  15,      2.916,      0.000, ['ftp://sidads.colorado.edu/pub/DATASETS/nsidc0051_gsfc_nasateam_seaice/final-gsfc/south/daily/1979/nt_19790215_n07_v1.1_s.bin']
1979,    02,  17,      2.911,      0.000, ['ftp://sidads.colorado.edu/pub/DATASETS/nsidc0051_gsfc_nasateam_seaice/final-gsfc/south/daily/1979/nt_19790217_n07_v1.1_s.bin']
1979,    02,  19,      2.950,      0.000, ['ftp://sidads.colorado.edu/pub/DATASETS/nsidc0051_gsfc_nasateam_seaice/final-gsfc/south/daily/1979/nt_19790219_n07_v1.1_s.bin']
1979,    02,  21,      2.945,      0.000, ['ftp://sidads.colorado.edu/pub/DATASETS/nsidc0051_gsfc_nasateam_seaice/final-gsfc/south/daily/1979/nt_19790221_n07_v1.1_s.bin']
1979,    02,  23,      2.924,      0.000, ['ftp://sidads.colorado.edu/pub/DATASETS/nsidc0051_gsfc_nasateam_seaice/final-gsfc/south/daily/1979/nt_19790223_n07_v1.1_s.bin']
1979,    02,  25,      2.996,      0.000, ['ftp://sidads.colorado.edu/pub/DATASETS/nsidc0051_gsfc_nasateam_seaice/final-gsfc/south/daily/1979/nt_19790225_n07_v1.1_s.bin']
1979,    02,  27,      3.116,      0.000, ['ftp://sidads.colorado.edu/pub/DATASETS/nsidc0051_gsfc_nasateam_seaice/final-gsfc/south/daily/1979/nt_19790227_n07_v1.1_s.bin']
1979,    03,  01,      3.248,      0.000, ['ftp://sidads.colorado.edu/pub/DATASETS/nsidc0051_gsfc_nasateam_seaice/final-gsfc/south/daily/1979/nt_19790301_n07_v1.1_s.bin']
1979,    03,  03,      3.079,      0.000, ['ftp://sidads.colorado.edu/pub/DATASETS/nsidc0051_gsfc_nasateam_seaice/final-gsfc/south/daily/1979/nt_19790303_n07_v1.1_s.bin']
1979,    03,  05,      3.228,      0.000, ['ftp://sidads.colorado.edu/pub/DATASETS/nsidc0051_gsfc_nasateam_seaice/final-gsfc/south/daily/1979/nt_19790305_n07_v1.1_s.bin']
1979,    03,  07,      3.308,      0.000, ['ftp://sidads.colorado.edu/pub/DATASETS/nsidc0051_gsfc_nasateam_seaice/final-gsfc/south/daily/1979/nt_19790307_n07_v1.1_s.bin']
1979,    03,  09,      3.366,      0.000, ['ftp://sidads.colorado.edu/pub/DATASETS/nsidc0051_gsfc_nasateam_seaice/final-gsfc/south/daily/1979/nt_19790309_n07_v1.1_s.bin']
1979,    03,  11,      3.443,      0.000, ['ftp://sidads.colorado.edu/pub/DATASETS/nsidc0051_gsfc_nasateam_seaice/final-gsfc/south/daily/1979/nt_19790311_n07_v1.1_s.bin']
1979,    03,  13,      3.594,      0.000, ['ftp://sidads.colorado.edu/pub/DATASETS/nsidc0051_gsfc_nasateam_seaice/final-gsfc/south/daily/1979/nt_19790313_n07_v1.1_s.bin']
1979,    03,  15,      3.721,      0.000, ['ftp://sidads.colorado.edu/pub/DATASETS/nsidc0051_gsfc_nasateam_seaice/final-gsfc/south/daily/1979/nt_19790315_n07_v1.1_s.bin']
1979,    03,  17,      3.832,      0.000, ['ftp://sidads.colorado.edu/pub/DATASETS/nsidc0051_gsfc_nasateam_seaice/final-gsfc/south/daily/1979/nt_19790317_n07_v1.1_s.bin']
1979,    03,  19,      4.091,      0.000, ['ftp://sidads.colorado.edu/pub/DATASETS/nsidc0051_gsfc_nasateam_seaice/final-gsfc/south/daily/1979/nt_19790319_n07_v1.1_s.bin']
1979,    03,  21,      4.248,      0.000, ['ftp://sidads.colorado.edu/pub/DATASETS/nsidc0051_gsfc_nasateam_seaice/final-gsfc/south/daily/1979/nt_19790321_n07_v1.1_s.bin']
1979,    03,  23,      4.500,      0.000, ['ftp://sidads.colorado.edu/pub/DATASETS/nsidc0051_gsfc_nasateam_seaice/final-gsfc/south/daily/1979/nt_19790323_n07_v1.1_s.bin']
1979,    03,  25,      4.818,      0.000, ['ftp://sidads.colorado.edu/pub/DATASETS/nsidc0051_gsfc_nasateam_seaice/final-gsfc/south/daily/1979/nt_19790325_n07_v1.1_s.bin']
1979,    03,  27,      4.894,      0.000, ['ftp://sidads.colorado.edu/pub/DATASETS/nsidc0051_gsfc_nasateam_seaice/final-gsfc/south/daily/1979/nt_19790327_n07_v1.1_s.bin']
1979,    03,  29,      5.208,      0.000, ['ftp://sidads.colorado.edu/pub/DATASETS/nsidc0051_gsfc_nasateam_seaice/final-gsfc/south/daily/1979/nt_19790329_n07_v1.1_s.bin']
1979,    03,  31,      5.411,      0.000, ['ftp://sidads.colorado.edu/pub/DATASETS/nsidc0051_gsfc_nasateam_seaice/final-gsfc/south/daily/1979/nt_19790331_n07_v1.1_s.bin']
1979,    04,  02,      5.649,      0.000, ['ftp://sidads.colorado.edu/pub/DATASETS/nsidc0051_gsfc_nasateam_seaice/final-gsfc/south/daily/1979/nt_19790402_n07_v1.1_s.bin']
1979,    04,  04,      5.826,      0.000, ['ftp://sidads.colorado.edu/pub/DATASETS/nsidc0051_gsfc_nasateam_seaice/final-gsfc/south/daily/1979/nt_19790404_n07_v1.1_s.bin']
1979,    04,  06,      6.152,      0.000, ['ftp://sidads.colorado.edu/pub/DATASETS/nsidc0051_gsfc_nasateam_seaice/final-gsfc/south/daily/1979/nt_19790406_n07_v1.1_s.bin']
1979,    04,  08,      6.409,      0.000, ['ftp://sidads.colorado.edu/pub/DATASETS/nsidc0051_gsfc_nasateam_seaice/final-gsfc/south/daily/1979/nt_19790408_n07_v1.1_s.bin']
1979,    04,  10,      6.806,      0.000, ['ftp://sidads.colorado.edu/pub/DATASETS/nsidc0051_gsfc_nasateam_seaice/final-gsfc/south/daily/1979/nt_19790410_n07_v1.1_s.bin']
1979,    04,  12,      7.149,      0.000, ['ftp://sidads.colorado.edu/pub/DATASETS/nsidc0051_gsfc_nasateam_seaice/final-gsfc/south/daily/1979/nt_19790412_n07_v1.1_s.bin']
1979,    04,  14,      7.309,      0.000, ['ftp://sidads.colorado.edu/pub/DATASETS/nsidc0051_gsfc_nasateam_seaice/final-gsfc/south/daily/1979/nt_19790414_n07_v1.1_s.bin']
1979,    04,  16,      7.587,      0.000, ['ftp://sidads.colorado.edu/pub/DATASETS/nsidc0051_gsfc_nasateam_seaice/final-gsfc/south/daily/1979/nt_19790416_n07_v1.1_s.bin']
1979,    04,  18,      7.742,      0.000, ['ftp://sidads.colorado.edu/pub/DATASETS/nsidc0051_gsfc_nasateam_seaice/final-gsfc/south/daily/1979/nt_19790418_n07_v1.1_s.bin']
1979,    04,  20,      8.010,      0.000, ['ftp://sidads.colorado.edu/pub/DATASETS/nsidc0051_gsfc_nasateam_seaice/final-gsfc/south/daily/1979/nt_19790420_n07_v1.1_s.bin']
1979,    04,  22,      8.273,      0.000, ['ftp://sidads.colorado.edu/pub/DATASETS/nsidc0051_gsfc_nasateam_seaice/final-gsfc/south/daily/1979/nt_19790422_n07_v1.1_s.bin']
1979,    04,  24,      8.572,      0.000, ['ftp://sidads.colorado.edu/pub/DATASETS/nsidc0051_gsfc_nasateam_seaice/final-gsfc/south/daily/1979/nt_19790424_n07_v1.1_s.bin']
1979,    04,  26,      8.791,      0.000, ['ftp://sidads.colorado.edu/pub/DATASETS/nsidc0051_gsfc_nasateam_seaice/final-gsfc/south/daily/1979/nt_19790426_n07_v1.1_s.bin']
1979,    04,  28,      8.970,      0.000, ['ftp://sidads.colorado.edu/pub/DATASETS/nsidc0051_gsfc_nasateam_seaice/final-gsfc/south/daily/1979/nt_19790428_n07_v1.1_s.bin']
1979,    04,  30,      9.038,      0.000, ['ftp://sidads.colorado.edu/pub/DATASETS/nsidc0051_gsfc_nasateam_seaice/final-gsfc/south/daily/1979/nt_19790430_n07_v1.1_s.bin']
1979,    05,  02,      9.162,      0.000, ['ftp://sidads.colorado.edu/pub/DATASETS/nsidc0051_gsfc_nasateam_seaice/final-gsfc/south/daily/1979/nt_19790502_n07_v1.1_s.bin']
1979,    05,  04,      9.498,      0.000, ['ftp://sidads.colorado.edu/pub/DATASETS/nsidc0051_gsfc_nasateam_seaice/final-gsfc/south/daily/1979/nt_19790504_n07_v1.1_s.bin']
1979,    05,  06,      9.968,      0.000, ['ftp://sidads.colorado.edu/pub/DATASETS/nsidc0051_gsfc_nasateam_seaice/final-gsfc/south/daily/1979/nt_19790506_n07_v1.1_s.bin']
1979,    05,  08,      9.848,      0.000, ['ftp://sidads.colorado.edu/pub/DATASETS/nsidc0051_gsfc_nasateam_seaice/final-gsfc/south/daily/1979/nt_19790508_n07_v1.1_s.bin']
1979,    05,  10,     10.109,      0.000, ['ftp://sidads.colorado.edu/pub/DATASETS/nsidc0051_gsfc_nasateam_seaice/final-gsfc/south/daily/1979/nt_19790510_n07_v1.1_s.bin']
1979,    05,  12,     10.342,      0.000, ['ftp://sidads.colorado.edu/pub/DATASETS/nsidc0051_gsfc_nasateam_seaice/final-gsfc/south/daily/1979/nt_19790512_n07_v1.1_s.bin']
1979,    05,  14,     10.656,      0.000, ['ftp://sidads.colorado.edu/pub/DATASETS/nsidc0051_gsfc_nasateam_seaice/final-gsfc/south/daily/1979/nt_19790514_n07_v1.1_s.bin']
1979,    05,  16,     10.953,      0.000, ['ftp://sidads.colorado.edu/pub/DATASETS/nsidc0051_gsfc_nasateam_seaice/final-gsfc/south/daily/1979/nt_19790516_n07_v1.1_s.bin']
1979,    05,  18,     11.145,      0.000, ['ftp://sidads.colorado.edu/pub/DATASETS/nsidc0051_gsfc_nasateam_seaice/final-gsfc/south/daily/1979/nt_19790518_n07_v1.1_s.bin']
1979,    05,  20,     11.273,      0.000, ['ftp://sidads.colorado.edu/pub/DATASETS/nsidc0051_gsfc_nasateam_seaice/final-gsfc/south/daily/1979/nt_19790520_n07_v1.1_s.bin']
1979,    05,  22,     11.458,      0.000, ['ftp://sidads.colorado.edu/pub/DATASETS/nsidc0051_gsfc_nasateam_seaice/final-gsfc/south/daily/1979/nt_19790522_n07_v1.1_s.bin']
1979,    05,  24,     11.634,      0.000, ['ftp://sidads.colorado.edu/pub/DATASETS/nsidc0051_gsfc_nasateam_seaice/final-gsfc/south/daily/1979/nt_19790524_n07_v1.1_s.bin']
1979,    05,  26,     11.868,      0.000, ['ftp://sidads.colorado.edu/pub/DATASETS/nsidc0051_gsfc_nasateam_seaice/final-gsfc/south/daily/1979/nt_19790526_n07_v1.1_s.bin']
1979,    05,  28,     12.116,      0.000, ['ftp://sidads.colorado.edu/pub/DATASETS/nsidc0051_gsfc_nasateam_seaice/final-gsfc/south/daily/1979/nt_19790528_n07_v1.1_s.bin']
1979,    05,  30,     12.370,      0.000, ['ftp://sidads.colorado.edu/pub/DATASETS/nsidc0051_gsfc_nasateam_seaice/final-gsfc/south/daily/1979/nt_19790530_n07_v1.1_s.bin']
1979,    06,  01,     12.654,      0.000, ['ftp://sidads.colorado.edu/pub/DATASETS/nsidc0051_gsfc_nasateam_seaice/final-gsfc/south/daily/1979/nt_19790601_n07_v1.1_s.bin']
1979,    06,  03,     13.061,      0.000, ['ftp://sidads.colorado.edu/pub/DATASETS/nsidc0051_gsfc_nasateam_seaice/final-gsfc/south/daily/1979/nt_19790603_n07_v1.1_s.bin']
1979,    06,  05,     13.240,      0.000, ['ftp://sidads.colorado.edu/pub/DATASETS/nsidc0051_gsfc_nasateam_seaice/final-gsfc/south/daily/1979/nt_19790605_n07_v1.1_s.bin']
1979,    06,  07,     13.452,      0.000, ['ftp://sidads.colorado.edu/pub/DATASETS/nsidc0051_gsfc_nasateam_seaice/final-gsfc/south/daily/1979/nt_19790607_n07_v1.1_s.bin']
1979,    06,  09,     13.523,      0.000, ['ftp://sidads.colorado.edu/pub/DATASETS/nsidc0051_gsfc_nasateam_seaice/final-gsfc/south/daily/1979/nt_19790609_n07_v1.1_s.bin']
1979,    06,  11,     13.661,      0.000, ['ftp://sidads.colorado.edu/pub/DATASETS/nsidc0051_gsfc_nasateam_seaice/final-gsfc/south/daily/1979/nt_19790611_n07_v1.1_s.bin']
1979,    06,  13,     13.748,      0.000, ['ftp://sidads.colorado.edu/pub/DATASETS/nsidc0051_gsfc_nasateam_seaice/final-gsfc/south/daily/1979/nt_19790613_n07_v1.1_s.bin']
1979,    06,  15,     13.952,      0.000, ['ftp://sidads.colorado.edu/pub/DATASETS/nsidc0051_gsfc_nasateam_seaice/final-gsfc/south/daily/1979/nt_19790615_n07_v1.1_s.bin']
1979,    06,  17,     14.260,      0.000, ['ftp://sidads.colorado.edu/pub/DATASETS/nsidc0051_gsfc_nasateam_seaice/final-gsfc/south/daily/1979/nt_19790617_n07_v1.1_s.bin']
1979,    06,  19,     14.588,      0.000, ['ftp://sidads.colorado.edu/pub/DATASETS/nsidc0051_gsfc_nasateam_seaice/final-gsfc/south/daily/1979/nt_19790619_n07_v1.1_s.bin']
1979,    06,  21,     14.909,      0.000, ['ftp://sidads.colorado.edu/pub/DATASETS/nsidc0051_gsfc_nasateam_seaice/final-gsfc/south/daily/1979/nt_19790621_n07_v1.1_s.bin']
1979,    06,  23,     15.227,      0.000, ['ftp://sidads.colorado.edu/pub/DATASETS/nsidc0051_gsfc_nasateam_seaice/final-gsfc/south/daily/1979/nt_19790623_n07_v1.1_s.bin']
1979,    06,  25,     15.371,      0.000, ['ftp://sidads.colorado.edu/pub/DATASETS/nsidc0051_gsfc_nasateam_seaice/final-gsfc/south/daily/1979/nt_19790625_n07_v1.1_s.bin']
1979,    06,  27,     15.513,      0.000, ['ftp://sidads.colorado.edu/pub/DATASETS/nsidc0051_gsfc_nasateam_seaice/final-gsfc/south/daily/1979/nt_19790627_n07_v1.1_s.bin']
1979,    06,  29,     15.646,      0.000, ['ftp://sidads.colorado.edu/pub/DATASETS/nsidc0051_gsfc_nasateam_seaice/final-gsfc/south/daily/1979/nt_19790629_n07_v1.1_s.bin']
1979,    07,  01,     15.685,      0.000, ['ftp://sidads.colorado.edu/pub/DATASETS/nsidc0051_gsfc_nasateam_seaice/final-gsfc/south/daily/1979/nt_19790701_n07_v1.1_s.bin']
1979,    07,  03,     15.779,      0.000, ['ftp://sidads.colorado.edu/pub/DATASETS/nsidc0051_gsfc_nasateam_seaice/final-gsfc/south/daily/1979/nt_19790703_n07_v1.1_s.bin']
1979,    07,  05,     15.896,      0.000, ['ftp://sidads.colorado.edu/pub/DATASETS/nsidc0051_gsfc_nasateam_seaice/final-gsfc/south/daily/1979/nt_19790705_n07_v1.1_s.bin']
1979,    07,  07,     15.947,      0.000, ['ftp://sidads.colorado.edu/pub/DATASETS/nsidc0051_gsfc_nasateam_seaice/final-gsfc/south/daily/1979/nt_19790707_n07_v1.1_s.bin']
1979,    07,  09,     16.128,      0.000, ['ftp://sidads.colorado.edu/pub/DATASETS/nsidc0051_gsfc_nasateam_seaice/final-gsfc/south/daily/1979/nt_19790709_n07_v1.1_s.bin']
1979,    07,  11,     16.235,      0.000, ['ftp://sidads.colorado.edu/pub/DATASETS/nsidc0051_gsfc_nasateam_seaice/final-gsfc/south/daily/1979/nt_19790711_n07_v1.1_s.bin']
1979,    07,  13,     16.408,      0.000, ['ftp://sidads.colorado.edu/pub/DATASETS/nsidc0051_gsfc_nasateam_seaice/final-gsfc/south/daily/1979/nt_19790713_n07_v1.1_s.bin']
1979,    07,  15,     16.588,      0.000, ['ftp://sidads.colorado.edu/pub/DATASETS/nsidc0051_gsfc_nasateam_seaice/final-gsfc/south/daily/1979/nt_19790715_n07_v1.1_s.bin']
1979,    07,  17,     16.661,      0.000, ['ftp://sidads.colorado.edu/pub/DATASETS/nsidc0051_gsfc_nasateam_seaice/final-gsfc/south/daily/1979/nt_19790717_n07_v1.1_s.bin']
1979,    07,  19,     16.794,      0.000, ['ftp://sidads.colorado.edu/pub/DATASETS/nsidc0051_gsfc_nasateam_seaice/final-gsfc/south/daily/1979/nt_19790719_n07_v1.1_s.bin']
1979,    07,  21,     16.864,      0.000, ['ftp://sidads.colorado.edu/pub/DATASETS/nsidc0051_gsfc_nasateam_seaice/final-gsfc/south/daily/1979/nt_19790721_n07_v1.1_s.bin']
1979,    07,  23,     16.930,      0.000, ['ftp://sidads.colorado.edu/pub/DATASETS/nsidc0051_gsfc_nasateam_seaice/final-gsfc/south/daily/1979/nt_19790723_n07_v1.1_s.bin']
1979,    07,  25,     17.144,      0.000, ['ftp://sidads.colorado.edu/pub/DATASETS/nsidc0051_gsfc_nasateam_seaice/final-gsfc/south/daily/1979/nt_19790725_n07_v1.1_s.bin']
1979,    07,  27,     17.042,      0.000, ['ftp://sidads.colorado.edu/pub/DATASETS/nsidc0051_gsfc_nasateam_seaice/final-gsfc/south/daily/1979/nt_19790727_n07_v1.1_s.bin']
1979,    07,  29,     17.110,      0.000, ['ftp://sidads.colorado.edu/pub/DATASETS/nsidc0051_gsfc_nasateam_seaice/final-gsfc/south/daily/1979/nt_19790729_n07_v1.1_s.bin']
1979,    07,  31,     17.059,      0.000, ['ftp://sidads.colorado.edu/pub/DATASETS/nsidc0051_gsfc_nasateam_seaice/final-gsfc/south/daily/1979/nt_19790731_n07_v1.1_s.bin']
1979,    08,  02,     16.944,      0.000, ['ftp://sidads.colorado.edu/pub/DATASETS/nsidc0051_gsfc_nasateam_seaice/final-gsfc/south/daily/1979/nt_19790802_n07_v1.1_s.bin']
1979,    08,  04,     17.022,      0.000, ['ftp://sidads.colorado.edu/pub/DATASETS/nsidc0051_gsfc_nasateam_seaice/final-gsfc/south/daily/1979/nt_19790804_n07_v1.1_s.bin']
1979,    08,  06,     16.983,      0.000, ['ftp://sidads.colorado.edu/pub/DATASETS/nsidc0051_gsfc_nasateam_seaice/final-gsfc/south/daily/1979/nt_19790806_n07_v1.1_s.bin']
1979,    08,  08,     17.000,      0.000, ['ftp://sidads.colorado.edu/pub/DATASETS/nsidc0051_gsfc_nasateam_seaice/final-gsfc/south/daily/1979/nt_19790808_n07_v1.1_s.bin']
1979,    08,  10,     17.181,      0.000, ['ftp://sidads.colorado.edu/pub/DATASETS/nsidc0051_gsfc_nasateam_seaice/final-gsfc/south/daily/1979/nt_19790810_n07_v1.1_s.bin']
1979,    08,  12,     17.506,      0.000, ['ftp://sidads.colorado.edu/pub/DATASETS/nsidc0051_gsfc_nasateam_seaice/final-gsfc/south/daily/1979/nt_19790812_n07_v1.1_s.bin']
1979,    08,  14,     17.620,      0.000, ['ftp://sidads.colorado.edu/pub/DATASETS/nsidc0051_gsfc_nasateam_seaice/final-gsfc/south/daily/1979/nt_19790814_n07_v1.1_s.bin']
1979,    08,  16,     17.876,      0.000, ['ftp://sidads.colorado.edu/pub/DATASETS/nsidc0051_gsfc_nasateam_seaice/final-gsfc/south/daily/1979/nt_19790816_n07_v1.1_s.bin']
1979,    08,  18,     18.118,      0.000, ['ftp://sidads.colorado.edu/pub/DATASETS/nsidc0051_gsfc_nasateam_seaice/final-gsfc/south/daily/1979/nt_19790818_n07_v1.1_s.bin']
1979,    08,  20,     18.136,      0.000, ['ftp://sidads.colorado.edu/pub/DATASETS/nsidc0051_gsfc_nasateam_seaice/final-gsfc/south/daily/1979/nt_19790820_n07_v1.1_s.bin']
1979,    08,  22,     18.283,      0.000, ['ftp://sidads.colorado.edu/pub/DATASETS/nsidc0051_gsfc_nasateam_seaice/final-gsfc/south/daily/1979/nt_19790822_n07_v1.1_s.bin']
1979,    08,  24,     18.268,      0.000, ['ftp://sidads.colorado.edu/pub/DATASETS/nsidc0051_gsfc_nasateam_seaice/final-gsfc/south/daily/1979/nt_19790824_n07_v1.1_s.bin']
1979,    08,  26,     18.203,      0.000, ['ftp://sidads.colorado.edu/pub/DATASETS/nsidc0051_gsfc_nasateam_seaice/final-gsfc/south/daily/1979/nt_19790826_n07_v1.1_s.bin']
1979,    08,  28,     18.159,      0.000, ['ftp://sidads.colorado.edu/pub/DATASETS/nsidc0051_gsfc_nasateam_seaice/final-gsfc/south/daily/1979/nt_19790828_n07_v1.1_s.bin']
1979,    08,  30,     18.175,      0.000, ['ftp://sidads.colorado.edu/pub/DATASETS/nsidc0051_gsfc_nasateam_seaice/final-gsfc/south/daily/1979/nt_19790830_n07_v1.1_s.bin']
1979,    09,  01,     18.187,      0.000, ['ftp://sidads.colorado.edu/pub/DATASETS/nsidc0051_gsfc_nasateam_seaice/final-gsfc/south/daily/1979/nt_19790901_n07_v1.1_s.bin']
1979,    09,  03,     18.197,      0.000, ['ftp://sidads.colorado.edu/pub/DATASETS/nsidc0051_gsfc_nasateam_seaice/final-gsfc/south/daily/1979/nt_19790903_n07_v1.1_s.bin']
1979,    09,  05,     18.295,      0.000, ['ftp://sidads.colorado.edu/pub/DATASETS/nsidc0051_gsfc_nasateam_seaice/final-gsfc/south/daily/1979/nt_19790905_n07_v1.1_s.bin']
1979,    09,  07,     18.280,      0.000, ['ftp://sidads.colorado.edu/pub/DATASETS/nsidc0051_gsfc_nasateam_seaice/final-gsfc/south/daily/1979/nt_19790907_n07_v1.1_s.bin']
1979,    09,  09,     18.215,      0.000, ['ftp://sidads.colorado.edu/pub/DATASETS/nsidc0051_gsfc_nasateam_seaice/final-gsfc/south/daily/1979/nt_19790909_n07_v1.1_s.bin']
1979,    09,  11,     18.264,      0.000, ['ftp://sidads.colorado.edu/pub/DATASETS/nsidc0051_gsfc_nasateam_seaice/final-gsfc/south/daily/1979/nt_19790911_n07_v1.1_s.bin']
1979,    09,  13,     18.361,      0.000, ['ftp://sidads.colorado.edu/pub/DATASETS/nsidc0051_gsfc_nasateam_seaice/final-gsfc/south/daily/1979/nt_19790913_n07_v1.1_s.bin']
1979,    09,  15,     18.326,      0.000, ['ftp://sidads.colorado.edu/pub/DATASETS/nsidc0051_gsfc_nasateam_seaice/final-gsfc/south/daily/1979/nt_19790915_n07_v1.1_s.bin']
1979,    09,  17,     18.105,      0.000, ['ftp://sidads.colorado.edu/pub/DATASETS/nsidc0051_gsfc_nasateam_seaice/final-gsfc/south/daily/1979/nt_19790917_n07_v1.1_s.bin']
1979,    09,  19,     17.978,      0.000, ['ftp://sidads.colorado.edu/pub/DATASETS/nsidc0051_gsfc_nasateam_seaice/final-gsfc/south/daily/1979/nt_19790919_n07_v1.1_s.bin']
1979,    09,  21,     18.117,      0.000, ['ftp://sidads.colorado.edu/pub/DATASETS/nsidc0051_gsfc_nasateam_seaice/final-gsfc/south/daily/1979/nt_19790921_n07_v1.1_s.bin']
1979,    09,  23,     17.973,      0.000, ['ftp://sidads.colorado.edu/pub/DATASETS/nsidc0051_gsfc_nasateam_seaice/final-gsfc/south/daily/1979/nt_19790923_n07_v1.1_s.bin']
1979,    09,  25,     18.118,      0.000, ['ftp://sidads.colorado.edu/pub/DATASETS/nsidc0051_gsfc_nasateam_seaice/final-gsfc/south/daily/1979/nt_19790925_n07_v1.1_s.bin']
1979,    09,  27,     18.260,      0.000, ['ftp://sidads.colorado.edu/pub/DATASETS/nsidc0051_gsfc_nasateam_seaice/final-gsfc/south/daily/1979/nt_19790927_n07_v1.1_s.bin']
1979,    09,  29,     18.257,      0.000, ['ftp://sidads.colorado.edu/pub/DATASETS/nsidc0051_gsfc_nasateam_seaice/final-gsfc/south/daily/1979/nt_19790929_n07_v1.1_s.bin']
1979,    10,  01,     18.250,      0.000, ['ftp://sidads.colorado.edu/pub/DATASETS/nsidc0051_gsfc_nasateam_seaice/final-gsfc/south/daily/1979/nt_19791001_n07_v1.1_s.bin']
1979,    10,  03,     18.311,      0.000, ['ftp://sidads.colorado.edu/pub/DATASETS/nsidc0051_gsfc_nasateam_seaice/final-gsfc/south/daily/1979/nt_19791003_n07_v1.1_s.bin']
1979,    10,  05,     18.275,      0.000, ['ftp://sidads.colorado.edu/pub/DATASETS/nsidc0051_gsfc_nasateam_seaice/final-gsfc/south/daily/1979/nt_19791005_n07_v1.1_s.bin']
1979,    10,  07,     18.109,      0.000, ['ftp://sidads.colorado.edu/pub/DATASETS/nsidc0051_gsfc_nasateam_seaice/final-gsfc/south/daily/1979/nt_19791007_n07_v1.1_s.bin']
1979,    10,  09,     18.160,      0.000, ['ftp://sidads.colorado.edu/pub/DATASETS/nsidc0051_gsfc_nasateam_seaice/final-gsfc/south/daily/1979/nt_19791009_n07_v1.1_s.bin']
1979,    10,  11,     18.022,      0.000, ['ftp://sidads.colorado.edu/pub/DATASETS/nsidc0051_gsfc_nasateam_seaice/final-gsfc/south/daily/1979/nt_19791011_n07_v1.1_s.bin']
1979,    10,  13,     18.077,      0.000, ['ftp://sidads.colorado.edu/pub/DATASETS/nsidc0051_gsfc_nasateam_seaice/final-gsfc/south/daily/1979/nt_19791013_n07_v1.1_s.bin']
1979,    10,  15,     17.961,      0.000, ['ftp://sidads.colorado.edu/pub/DATASETS/nsidc0051_gsfc_nasateam_seaice/final-gsfc/south/daily/1979/nt_19791015_n07_v1.1_s.bin']
1979,    10,  17,     17.950,      0.000, ['ftp://sidads.colorado.edu/pub/DATASETS/nsidc0051_gsfc_nasateam_seaice/final-gsfc/south/daily/1979/nt_19791017_n07_v1.1_s.bin']
1979,    10,  19,     17.777,      0.000, ['ftp://sidads.colorado.edu/pub/DATASETS/nsidc0051_gsfc_nasateam_seaice/final-gsfc/south/daily/1979/nt_19791019_n07_v1.1_s.bin']
1979,    10,  21,     17.738,      0.000, ['ftp://sidads.colorado.edu/pub/DATASETS/nsidc0051_gsfc_nasateam_seaice/final-gsfc/south/daily/1979/nt_19791021_n07_v1.1_s.bin']
1979,    10,  23,     17.598,      0.000, ['ftp://sidads.colorado.edu/pub/DATASETS/nsidc0051_gsfc_nasateam_seaice/final-gsfc/south/daily/1979/nt_19791023_n07_v1.1_s.bin']
1979,    10,  25,     17.403,      0.000, ['ftp://sidads.colorado.edu/pub/DATASETS/nsidc0051_gsfc_nasateam_seaice/final-gsfc/south/daily/1979/nt_19791025_n07_v1.1_s.bin']
1979,    10,  27,     17.274,      0.000, ['ftp://sidads.colorado.edu/pub/DATASETS/nsidc0051_gsfc_nasateam_seaice/final-gsfc/south/daily/1979/nt_19791027_n07_v1.1_s.bin']
1979,    10,  29,     17.206,      0.000, ['ftp://sidads.colorado.edu/pub/DATASETS/nsidc0051_gsfc_nasateam_seaice/final-gsfc/south/daily/1979/nt_19791029_n07_v1.1_s.bin']
1979,    10,  31,     17.017,      0.000, ['ftp://sidads.colorado.edu/pub/DATASETS/nsidc0051_gsfc_nasateam_seaice/final-gsfc/south/daily/1979/nt_19791031_n07_v1.1_s.bin']
1979,    11,  02,     16.945,      0.000, ['ftp://sidads.colorado.edu/pub/DATASETS/nsidc0051_gsfc_nasateam_seaice/final-gsfc/south/daily/1979/nt_19791102_n07_v1.1_s.bin']
1979,    11,  04,     16.767,      0.000, ['ftp://sidads.colorado.edu/pub/DATASETS/nsidc0051_gsfc_nasateam_seaice/final-gsfc/south/daily/1979/nt_19791104_n07_v1.1_s.bin']
1979,    11,  06,     16.710,      0.000, ['ftp://sidads.colorado.edu/pub/DATASETS/nsidc0051_gsfc_nasateam_seaice/final-gsfc/south/daily/1979/nt_19791106_n07_v1.1_s.bin']
1979,    11,  08,     16.537,      0.000, ['ftp://sidads.colorado.edu/pub/DATASETS/nsidc0051_gsfc_nasateam_seaice/final-gsfc/south/daily/1979/nt_19791108_n07_v1.1_s.bin']
1979,    11,  10,     16.266,      0.000, ['ftp://sidads.colorado.edu/pub/DATASETS/nsidc0051_gsfc_nasateam_seaice/final-gsfc/south/daily/1979/nt_19791110_n07_v1.1_s.bin']
1979,    11,  12,     15.947,      0.000, ['ftp://sidads.colorado.edu/pub/DATASETS/nsidc0051_gsfc_nasateam_seaice/final-gsfc/south/daily/1979/nt_19791112_n07_v1.1_s.bin']
1979,    11,  14,     15.729,      0.000, ['ftp://sidads.colorado.edu/pub/DATASETS/nsidc0051_gsfc_nasateam_seaice/final-gsfc/south/daily/1979/nt_19791114_n07_v1.1_s.bin']
1979,    11,  16,     15.481,      0.000, ['ftp://sidads.colorado.edu/pub/DATASETS/nsidc0051_gsfc_nasateam_seaice/final-gsfc/south/daily/1979/nt_19791116_n07_v1.1_s.bin']
1979,    11,  18,     15.256,      0.000, ['ftp://sidads.colorado.edu/pub/DATASETS/nsidc0051_gsfc_nasateam_seaice/final-gsfc/south/daily/1979/nt_19791118_n07_v1.1_s.bin']
1979,    11,  20,     14.984,      0.000, ['ftp://sidads.colorado.edu/pub/DATASETS/nsidc0051_gsfc_nasateam_seaice/final-gsfc/south/daily/1979/nt_19791120_n07_v1.1_s.bin']
1979,    11,  22,     14.682,      0.000, ['ftp://sidads.colorado.edu/pub/DATASETS/nsidc0051_gsfc_nasateam_seaice/final-gsfc/south/daily/1979/nt_19791122_n07_v1.1_s.bin']
1979,    11,  24,     14.202,      0.000, ['ftp://sidads.colorado.edu/pub/DATASETS/nsidc0051_gsfc_nasateam_seaice/final-gsfc/south/daily/1979/nt_19791124_n07_v1.1_s.bin']
1979,    11,  26,     13.820,      0.000, ['ftp://sidads.colorado.edu/pub/DATASETS/nsidc0051_gsfc_nasateam_seaice/final-gsfc/south/daily/1979/nt_19791126_n07_v1.1_s.bin']
1979,    11,  28,     13.569,      0.000, ['ftp://sidads.colorado.edu/pub/DATASETS/nsidc0051_gsfc_nasateam_seaice/final-gsfc/south/daily/1979/nt_19791128_n07_v1.1_s.bin']
1979,    11,  30,     13.161,      0.000, ['ftp://sidads.colorado.edu/pub/DATASETS/nsidc0051_gsfc_nasateam_seaice/final-gsfc/south/daily/1979/nt_19791130_n07_v1.1_s.bin']
1979,    12,  02,     12.893,      0.000, ['ftp://sidads.colorado.edu/pub/DATASETS/nsidc0051_gsfc_nasateam_seaice/final-gsfc/south/daily/1979/nt_19791202_n07_v1.1_s.bin']
1979,    12,  04,     12.471,      0.000, ['ftp://sidads.colorado.edu/pub/DATASETS/nsidc0051_gsfc_nasateam_seaice/final-gsfc/south/daily/1979/nt_19791204_n07_v1.1_s.bin']
1979,    12,  06,     12.042,      0.000, ['ftp://sidads.colorado.edu/pub/DATASETS/nsidc0051_gsfc_nasateam_seaice/final-gsfc/south/daily/1979/nt_19791206_n07_v1.1_s.bin']
1979,    12,  08,     11.457,      0.000, ['ftp://sidads.colorado.edu/pub/DATASETS/nsidc0051_gsfc_nasateam_seaice/final-gsfc/south/daily/1979/nt_19791208_n07_v1.1_s.bin']
1979,    12,  10,     10.844,      0.000, ['ftp://sidads.colorado.edu/pub/DATASETS/nsidc0051_gsfc_nasateam_seaice/final-gsfc/south/daily/1979/nt_19791210_n07_v1.1_s.bin']
1979,    12,  12,     10.340,      0.000, ['ftp://sidads.colorado.edu/pub/DATASETS/nsidc0051_gsfc_nasateam_seaice/final-gsfc/south/daily/1979/nt_19791212_n07_v1.1_s.bin']
1979,    12,  14,      9.793,      0.000, ['ftp://sidads.colorado.edu/pub/DATASETS/nsidc0051_gsfc_nasateam_seaice/final-gsfc/south/daily/1979/nt_19791214_n07_v1.1_s.bin']
1979,    12,  16,      9.125,      0.000, ['ftp://sidads.colorado.edu/pub/DATASETS/nsidc0051_gsfc_nasateam_seaice/final-gsfc/south/daily/1979/nt_19791216_n07_v1.1_s.bin']
1979,    12,  18,      8.307,      0.000, ['ftp://sidads.colorado.edu/pub/DATASETS/nsidc0051_gsfc_nasateam_seaice/final-gsfc/south/daily/1979/nt_19791218_n07_v1.1_s.bin']
1979,    12,  20,      7.891,      0.000, ['ftp://sidads.colorado.edu/pub/DATASETS/nsidc0051_gsfc_nasateam_seaice/final-gsfc/south/daily/1979/nt_19791220_n07_v1.1_s.bin']
1979,    12,  22,      7.405,      0.000, ['ftp://sidads.colorado.edu/pub/DATASETS/nsidc0051_gsfc_nasateam_seaice/final-gsfc/south/daily/1979/nt_19791222_n07_v1.1_s.bin']
1979,    12,  24,      6.842,      0.000, ['ftp://sidads.colorado.edu/pub/DATASETS/nsidc0051_gsfc_nasateam_seaice/final-gsfc/south/daily/1979/nt_19791224_n07_v1.1_s.bin']
1979,    12,  26,      6.607,      0.000, ['ftp://sidads.colorado.edu/pub/DATASETS/nsidc0051_gsfc_nasateam_seaice/final-gsfc/south/daily/1979/nt_19791226_n07_v1.1_s.bin']
1979,    12,  28,      6.396,      0.000, ['ftp://sidads.colorado.edu/pub/DATASETS/nsidc0051_gsfc_nasateam_seaice/final-gsfc/south/daily/1979/nt_19791228_n07_v1.1_s.bin']
1979,    12,  30,      6.124,      0.000, ['ftp://sidads.colorado.edu/pub/DATASETS/nsidc0051_gsfc_nasateam_seaice/final-gsfc/south/daily/1979/nt_19791230_n07_v1.1_s.bin']
1980,    01,  01,      5.967,      0.000, ['ftp://sidads.colorado.edu/pub/DATASETS/nsidc0051_gsfc_nasateam_seaice/final-gsfc/south/daily/1980/nt_19800101_n07_v1.1_s.bin']
1980,    01,  03,      5.674,      0.000, ['ftp://sidads.colorado.edu/pub/DATASETS/nsidc0051_gsfc_nasateam_seaice/final-gsfc/south/daily/1980/nt_19800103_n07_v1.1_s.bin']
1980,    01,  05,      5.584,      0.000, ['ftp://sidads.colorado.edu/pub/DATASETS/nsidc0051_gsfc_nasateam_seaice/final-gsfc/south/daily/1980/nt_19800105_n07_v1.1_s.bin']
1980,    01,  07,      5.329,      0.000, ['ftp://sidads.colorado.edu/pub/DATASETS/nsidc0051_gsfc_nasateam_seaice/final-gsfc/south/daily/1980/nt_19800107_n07_v1.1_s.bin']
1980,    01,  09,      5.000,      0.000, ['ftp://sidads.colorado.edu/pub/DATASETS/nsidc0051_gsfc_nasateam_seaice/final-gsfc/south/daily/1980/nt_19800109_n07_v1.1_s.bin']
1980,    01,  11,      4.874,      0.000, ['ftp://sidads.colorado.edu/pub/DATASETS/nsidc0051_gsfc_nasateam_seaice/final-gsfc/south/daily/1980/nt_19800111_n07_v1.1_s.bin']
1980,    01,  13,      4.682,      0.000, ['ftp://sidads.colorado.edu/pub/DATASETS/nsidc0051_gsfc_nasateam_seaice/final-gsfc/south/daily/1980/nt_19800113_n07_v1.1_s.bin']
1980,    01,  15,      4.569,      0.000, ['ftp://sidads.colorado.edu/pub/DATASETS/nsidc0051_gsfc_nasateam_seaice/final-gsfc/south/daily/1980/nt_19800115_n07_v1.1_s.bin']
1980,    01,  17,      4.419,      0.000, ['ftp://sidads.colorado.edu/pub/DATASETS/nsidc0051_gsfc_nasateam_seaice/final-gsfc/south/daily/1980/nt_19800117_n07_v1.1_s.bin']
1980,    01,  19,      4.319,      0.000, ['ftp://sidads.colorado.edu/pub/DATASETS/nsidc0051_gsfc_nasateam_seaice/final-gsfc/south/daily/1980/nt_19800119_n07_v1.1_s.bin']
1980,    01,  21,      4.115,      0.000, ['ftp://sidads.colorado.edu/pub/DATASETS/nsidc0051_gsfc_nasateam_seaice/final-gsfc/south/daily/1980/nt_19800121_n07_v1.1_s.bin']
1980,    01,  23,      3.986,      0.000, ['ftp://sidads.colorado.edu/pub/DATASETS/nsidc0051_gsfc_nasateam_seaice/final-gsfc/south/daily/1980/nt_19800123_n07_v1.1_s.bin']
1980,    01,  25,      3.801,      0.000, ['ftp://sidads.colorado.edu/pub/DATASETS/nsidc0051_gsfc_nasateam_seaice/final-gsfc/south/daily/1980/nt_19800125_n07_v1.1_s.bin']
1980,    01,  27,      3.664,      0.000, ['ftp://sidads.colorado.edu/pub/DATASETS/nsidc0051_gsfc_nasateam_seaice/final-gsfc/south/daily/1980/nt_19800127_n07_v1.1_s.bin']
1980,    01,  29,      3.513,      0.000, ['ftp://sidads.colorado.edu/pub/DATASETS/nsidc0051_gsfc_nasateam_seaice/final-gsfc/south/daily/1980/nt_19800129_n07_v1.1_s.bin']
1980,    01,  31,      3.496,      0.000, ['ftp://sidads.colorado.edu/pub/DATASETS/nsidc0051_gsfc_nasateam_seaice/final-gsfc/south/daily/1980/nt_19800131_n07_v1.1_s.bin']
1980,    02,  02,      3.355,      0.000, ['ftp://sidads.colorado.edu/pub/DATASETS/nsidc0051_gsfc_nasateam_seaice/final-gsfc/south/daily/1980/nt_19800202_n07_v1.1_s.bin']
1980,    02,  04,      3.218,      0.000, ['ftp://sidads.colorado.edu/pub/DATASETS/nsidc0051_gsfc_nasateam_seaice/final-gsfc/south/daily/1980/nt_19800204_n07_v1.1_s.bin']
1980,    02,  06,      3.124,      0.000, ['ftp://sidads.colorado.edu/pub/DATASETS/nsidc0051_gsfc_nasateam_seaice/final-gsfc/south/daily/1980/nt_19800206_n07_v1.1_s.bin']
1980,    02,  08,      3.009,      0.000, ['ftp://sidads.colorado.edu/pub/DATASETS/nsidc0051_gsfc_nasateam_seaice/final-gsfc/south/daily/1980/nt_19800208_n07_v1.1_s.bin']
1980,    02,  10,      2.929,      0.000, ['ftp://sidads.colorado.edu/pub/DATASETS/nsidc0051_gsfc_nasateam_seaice/final-gsfc/south/daily/1980/nt_19800210_n07_v1.1_s.bin']
1980,    02,  12,      2.910,      0.000, ['ftp://sidads.colorado.edu/pub/DATASETS/nsidc0051_gsfc_nasateam_seaice/final-gsfc/south/daily/1980/nt_19800212_n07_v1.1_s.bin']
1980,    02,  14,      2.690,      0.000, ['ftp://sidads.colorado.edu/pub/DATASETS/nsidc0051_gsfc_nasateam_seaice/final-gsfc/south/daily/1980/nt_19800214_n07_v1.1_s.bin']
1980,    02,  16,      2.676,      0.000, ['ftp://sidads.colorado.edu/pub/DATASETS/nsidc0051_gsfc_nasateam_seaice/final-gsfc/south/daily/1980/nt_19800216_n07_v1.1_s.bin']
1980,    02,  18,      2.629,      0.000, ['ftp://sidads.colorado.edu/pub/DATASETS/nsidc0051_gsfc_nasateam_seaice/final-gsfc/south/daily/1980/nt_19800218_n07_v1.1_s.bin']
1980,    02,  20,      2.591,      0.000, ['ftp://sidads.colorado.edu/pub/DATASETS/nsidc0051_gsfc_nasateam_seaice/final-gsfc/south/daily/1980/nt_19800220_n07_v1.1_s.bin']
1980,    02,  22,      2.609,      0.000, ['ftp://sidads.colorado.edu/pub/DATASETS/nsidc0051_gsfc_nasateam_seaice/final-gsfc/south/daily/1980/nt_19800222_n07_v1.1_s.bin']
1980,    02,  24,      2.583,      0.000, ['ftp://sidads.colorado.edu/pub/DATASETS/nsidc0051_gsfc_nasateam_seaice/final-gsfc/south/daily/1980/nt_19800224_n07_v1.1_s.bin']
1980,    02,  26,      2.521,      0.000, ['ftp://sidads.colorado.edu/pub/DATASETS/nsidc0051_gsfc_nasateam_seaice/final-gsfc/south/daily/1980/nt_19800226_n07_v1.1_s.bin']
1980,    02,  28,      2.613,      0.000, ['ftp://sidads.colorado.edu/pub/DATASETS/nsidc0051_gsfc_nasateam_seaice/final-gsfc/south/daily/1980/nt_19800228_n07_v1.1_s.bin']
1980,    03,  01,      2.576,      0.000, ['ftp://sidads.colorado.edu/pub/DATASETS/nsidc0051_gsfc_nasateam_seaice/final-gsfc/south/daily/1980/nt_19800301_n07_v1.1_s.bin']
1980,    03,  03,      2.672,      0.000, ['ftp://sidads.colorado.edu/pub/DATASETS/nsidc0051_gsfc_nasateam_seaice/final-gsfc/south/daily/1980/nt_19800303_n07_v1.1_s.bin']
1980,    03,  05,      2.839,      0.000, ['ftp://sidads.colorado.edu/pub/DATASETS/nsidc0051_gsfc_nasateam_seaice/final-gsfc/south/daily/1980/nt_19800305_n07_v1.1_s.bin']
1980,    03,  07,      2.944,      0.000, ['ftp://sidads.colorado.edu/pub/DATASETS/nsidc0051_gsfc_nasateam_seaice/final-gsfc/south/daily/1980/nt_19800307_n07_v1.1_s.bin']
1980,    03,  09,      3.026,      0.000, ['ftp://sidads.colorado.edu/pub/DATASETS/nsidc0051_gsfc_nasateam_seaice/final-gsfc/south/daily/1980/nt_19800309_n07_v1.1_s.bin']
1980,    03,  11,      3.051,      0.000, ['ftp://sidads.colorado.edu/pub/DATASETS/nsidc0051_gsfc_nasateam_seaice/final-gsfc/south/daily/1980/nt_19800311_n07_v1.1_s.bin']
1980,    03,  13,      3.162,      0.000, ['ftp://sidads.colorado.edu/pub/DATASETS/nsidc0051_gsfc_nasateam_seaice/final-gsfc/south/daily/1980/nt_19800313_n07_v1.1_s.bin']
1980,    03,  15,      3.256,      0.000, ['ftp://sidads.colorado.edu/pub/DATASETS/nsidc0051_gsfc_nasateam_seaice/final-gsfc/south/daily/1980/nt_19800315_n07_v1.1_s.bin']
1980,    03,  17,      3.312,      0.000, ['ftp://sidads.colorado.edu/pub/DATASETS/nsidc0051_gsfc_nasateam_seaice/final-gsfc/south/daily/1980/nt_19800317_n07_v1.1_s.bin']
1980,    03,  19,      3.396,      0.000, ['ftp://sidads.colorado.edu/pub/DATASETS/nsidc0051_gsfc_nasateam_seaice/final-gsfc/south/daily/1980/nt_19800319_n07_v1.1_s.bin']
1980,    03,  21,      3.416,      0.000, ['ftp://sidads.colorado.edu/pub/DATASETS/nsidc0051_gsfc_nasateam_seaice/final-gsfc/south/daily/1980/nt_19800321_n07_v1.1_s.bin']
1980,    03,  23,      3.515,      0.000, ['ftp://sidads.colorado.edu/pub/DATASETS/nsidc0051_gsfc_nasateam_seaice/final-gsfc/south/daily/1980/nt_19800323_n07_v1.1_s.bin']
1980,    03,  25,      3.628,      0.000, ['ftp://sidads.colorado.edu/pub/DATASETS/nsidc0051_gsfc_nasateam_seaice/final-gsfc/south/daily/1980/nt_19800325_n07_v1.1_s.bin']
1980,    03,  27,      3.790,      0.000, ['ftp://sidads.colorado.edu/pub/DATASETS/nsidc0051_gsfc_nasateam_seaice/final-gsfc/south/daily/1980/nt_19800327_n07_v1.1_s.bin']
1980,    03,  29,      3.966,      0.000, ['ftp://sidads.colorado.edu/pub/DATASETS/nsidc0051_gsfc_nasateam_seaice/final-gsfc/south/daily/1980/nt_19800329_n07_v1.1_s.bin']
1980,    03,  31,      4.169,      0.000, ['ftp://sidads.colorado.edu/pub/DATASETS/nsidc0051_gsfc_nasateam_seaice/final-gsfc/south/daily/1980/nt_19800331_n07_v1.1_s.bin']
1980,    04,  02,      4.264,      0.000, ['ftp://sidads.colorado.edu/pub/DATASETS/nsidc0051_gsfc_nasateam_seaice/final-gsfc/south/daily/1980/nt_19800402_n07_v1.1_s.bin']
1980,    04,  04,      4.348,      0.000, ['ftp://sidads.colorado.edu/pub/DATASETS/nsidc0051_gsfc_nasateam_seaice/final-gsfc/south/daily/1980/nt_19800404_n07_v1.1_s.bin']
1980,    04,  06,      4.563,      0.000, ['ftp://sidads.colorado.edu/pub/DATASETS/nsidc0051_gsfc_nasateam_seaice/final-gsfc/south/daily/1980/nt_19800406_n07_v1.1_s.bin']
1980,    04,  08,      4.708,      0.000, ['ftp://sidads.colorado.edu/pub/DATASETS/nsidc0051_gsfc_nasateam_seaice/final-gsfc/south/daily/1980/nt_19800408_n07_v1.1_s.bin']
1980,    04,  10,      4.760,      0.000, ['ftp://sidads.colorado.edu/pub/DATASETS/nsidc0051_gsfc_nasateam_seaice/final-gsfc/south/daily/1980/nt_19800410_n07_v1.1_s.bin']
1980,    04,  12,      4.937,      0.000, ['ftp://sidads.colorado.edu/pub/DATASETS/nsidc0051_gsfc_nasateam_seaice/final-gsfc/south/daily/1980/nt_19800412_n07_v1.1_s.bin']
1980,    04,  14,      5.026,      0.000, ['ftp://sidads.colorado.edu/pub/DATASETS/nsidc0051_gsfc_nasateam_seaice/final-gsfc/south/daily/1980/nt_19800414_n07_v1.1_s.bin']
1980,    04,  16,      5.197,      0.000, ['ftp://sidads.colorado.edu/pub/DATASETS/nsidc0051_gsfc_nasateam_seaice/final-gsfc/south/daily/1980/nt_19800416_n07_v1.1_s.bin']
1980,    04,  18,      5.465,      0.000, ['ftp://sidads.colorado.edu/pub/DATASETS/nsidc0051_gsfc_nasateam_seaice/final-gsfc/south/daily/1980/nt_19800418_n07_v1.1_s.bin']
1980,    04,  20,      5.726,      0.000, ['ftp://sidads.colorado.edu/pub/DATASETS/nsidc0051_gsfc_nasateam_seaice/final-gsfc/south/daily/1980/nt_19800420_n07_v1.1_s.bin']
1980,    04,  22,      6.019,      0.000, ['ftp://sidads.colorado.edu/pub/DATASETS/nsidc0051_gsfc_nasateam_seaice/final-gsfc/south/daily/1980/nt_19800422_n07_v1.1_s.bin']
1980,    04,  24,      6.215,      0.000, ['ftp://sidads.colorado.edu/pub/DATASETS/nsidc0051_gsfc_nasateam_seaice/final-gsfc/south/daily/1980/nt_19800424_n07_v1.1_s.bin']
1980,    04,  26,      6.340,      0.000, ['ftp://sidads.colorado.edu/pub/DATASETS/nsidc0051_gsfc_nasateam_seaice/final-gsfc/south/daily/1980/nt_19800426_n07_v1.1_s.bin']
1980,    04,  28,      6.626,      0.000, ['ftp://sidads.colorado.edu/pub/DATASETS/nsidc0051_gsfc_nasateam_seaice/final-gsfc/south/daily/1980/nt_19800428_n07_v1.1_s.bin']
1980,    04,  30,      6.881,      0.000, ['ftp://sidads.colorado.edu/pub/DATASETS/nsidc0051_gsfc_nasateam_seaice/final-gsfc/south/daily/1980/nt_19800430_n07_v1.1_s.bin']
1980,    05,  02,      7.174,      0.000, ['ftp://sidads.colorado.edu/pub/DATASETS/nsidc0051_gsfc_nasateam_seaice/final-gsfc/south/daily/1980/nt_19800502_n07_v1.1_s.bin']
1980,    05,  04,      7.375,      0.000, ['ftp://sidads.colorado.edu/pub/DATASETS/nsidc0051_gsfc_nasateam_seaice/final-gsfc/south/daily/1980/nt_19800504_n07_v1.1_s.bin']
1980,    05,  06,      7.682,      0.000, ['ftp://sidads.colorado.edu/pub/DATASETS/nsidc0051_gsfc_nasateam_seaice/final-gsfc/south/daily/1980/nt_19800506_n07_v1.1_s.bin']
1980,    05,  08,      7.933,      0.000, ['ftp://sidads.colorado.edu/pub/DATASETS/nsidc0051_gsfc_nasateam_seaice/final-gsfc/south/daily/1980/nt_19800508_n07_v1.1_s.bin']
1980,    05,  10,      8.259,      0.000, ['ftp://sidads.colorado.edu/pub/DATASETS/nsidc0051_gsfc_nasateam_seaice/final-gsfc/south/daily/1980/nt_19800510_n07_v1.1_s.bin']
1980,    05,  12,      8.466,      0.000, ['ftp://sidads.colorado.edu/pub/DATASETS/nsidc0051_gsfc_nasateam_seaice/final-gsfc/south/daily/1980/nt_19800512_n07_v1.1_s.bin']
1980,    05,  14,      8.557,      0.000, ['ftp://sidads.colorado.edu/pub/DATASETS/nsidc0051_gsfc_nasateam_seaice/final-gsfc/south/daily/1980/nt_19800514_n07_v1.1_s.bin']
1980,    05,  16,      8.914,      0.000, ['ftp://sidads.colorado.edu/pub/DATASETS/nsidc0051_gsfc_nasateam_seaice/final-gsfc/south/daily/1980/nt_19800516_n07_v1.1_s.bin']
1980,    05,  18,      9.087,      0.000, ['ftp://sidads.colorado.edu/pub/DATASETS/nsidc0051_gsfc_nasateam_seaice/final-gsfc/south/daily/1980/nt_19800518_n07_v1.1_s.bin']
1980,    05,  20,      9.300,      0.000, ['ftp://sidads.colorado.edu/pub/DATASETS/nsidc0051_gsfc_nasateam_seaice/final-gsfc/south/daily/1980/nt_19800520_n07_v1.1_s.bin']
1980,    05,  22,      9.588,      0.000, ['ftp://sidads.colorado.edu/pub/DATASETS/nsidc0051_gsfc_nasateam_seaice/final-gsfc/south/daily/1980/nt_19800522_n07_v1.1_s.bin']
1980,    05,  24,      9.832,      0.000, ['ftp://sidads.colorado.edu/pub/DATASETS/nsidc0051_gsfc_nasateam_seaice/final-gsfc/south/daily/1980/nt_19800524_n07_v1.1_s.bin']
1980,    05,  26,     10.063,      0.000, ['ftp://sidads.colorado.edu/pub/DATASETS/nsidc0051_gsfc_nasateam_seaice/final-gsfc/south/daily/1980/nt_19800526_n07_v1.1_s.bin']
1980,    05,  28,     10.207,      0.000, ['ftp://sidads.colorado.edu/pub/DATASETS/nsidc0051_gsfc_nasateam_seaice/final-gsfc/south/daily/1980/nt_19800528_n07_v1.1_s.bin']
1980,    05,  30,     10.413,      0.000, ['ftp://sidads.colorado.edu/pub/DATASETS/nsidc0051_gsfc_nasateam_seaice/final-gsfc/south/daily/1980/nt_19800530_n07_v1.1_s.bin']
1980,    06,  01,     10.681,      0.000, ['ftp://sidads.colorado.edu/pub/DATASETS/nsidc0051_gsfc_nasateam_seaice/final-gsfc/south/daily/1980/nt_19800601_n07_v1.1_s.bin']
1980,    06,  03,     10.742,      0.000, ['ftp://sidads.colorado.edu/pub/DATASETS/nsidc0051_gsfc_nasateam_seaice/final-gsfc/south/daily/1980/nt_19800603_n07_v1.1_s.bin']
1980,    06,  05,     11.111,      0.000, ['ftp://sidads.colorado.edu/pub/DATASETS/nsidc0051_gsfc_nasateam_seaice/final-gsfc/south/daily/1980/nt_19800605_n07_v1.1_s.bin']
1980,    06,  07,     11.314,      0.000, ['ftp://sidads.colorado.edu/pub/DATASETS/nsidc0051_gsfc_nasateam_seaice/final-gsfc/south/daily/1980/nt_19800607_n07_v1.1_s.bin']
1980,    06,  09,     11.665,      0.000, ['ftp://sidads.colorado.edu/pub/DATASETS/nsidc0051_gsfc_nasateam_seaice/final-gsfc/south/daily/1980/nt_19800609_n07_v1.1_s.bin']
1980,    06,  11,     11.961,      0.000, ['ftp://sidads.colorado.edu/pub/DATASETS/nsidc0051_gsfc_nasateam_seaice/final-gsfc/south/daily/1980/nt_19800611_n07_v1.1_s.bin']
1980,    06,  13,     12.276,      0.000, ['ftp://sidads.colorado.edu/pub/DATASETS/nsidc0051_gsfc_nasateam_seaice/final-gsfc/south/daily/1980/nt_19800613_n07_v1.1_s.bin']
1980,    06,  15,     12.644,      0.000, ['ftp://sidads.colorado.edu/pub/DATASETS/nsidc0051_gsfc_nasateam_seaice/final-gsfc/south/daily/1980/nt_19800615_n07_v1.1_s.bin']
1980,    06,  17,     12.838,      0.000, ['ftp://sidads.colorado.edu/pub/DATASETS/nsidc0051_gsfc_nasateam_seaice/final-gsfc/south/daily/1980/nt_19800617_n07_v1.1_s.bin']
1980,    06,  19,     13.119,      0.000, ['ftp://sidads.colorado.edu/pub/DATASETS/nsidc0051_gsfc_nasateam_seaice/final-gsfc/south/daily/1980/nt_19800619_n07_v1.1_s.bin']
1980,    06,  21,     13.311,      0.000, ['ftp://sidads.colorado.edu/pub/DATASETS/nsidc0051_gsfc_nasateam_seaice/final-gsfc/south/daily/1980/nt_19800621_n07_v1.1_s.bin']
1980,    06,  23,     13.671,      0.000, ['ftp://sidads.colorado.edu/pub/DATASETS/nsidc0051_gsfc_nasateam_seaice/final-gsfc/south/daily/1980/nt_19800623_n07_v1.1_s.bin']
1980,    06,  25,     14.046,      0.000, ['ftp://sidads.colorado.edu/pub/DATASETS/nsidc0051_gsfc_nasateam_seaice/final-gsfc/south/daily/1980/nt_19800625_n07_v1.1_s.bin']
1980,    06,  27,     13.912,      0.000, ['ftp://sidads.colorado.edu/pub/DATASETS/nsidc0051_gsfc_nasateam_seaice/final-gsfc/south/daily/1980/nt_19800627_n07_v1.1_s.bin']
1980,    06,  29,     14.063,      0.000, ['ftp://sidads.colorado.edu/pub/DATASETS/nsidc0051_gsfc_nasateam_seaice/final-gsfc/south/daily/1980/nt_19800629_n07_v1.1_s.bin']
1980,    07,  01,     14.199,      0.000, ['ftp://sidads.colorado.edu/pub/DATASETS/nsidc0051_gsfc_nasateam_seaice/final-gsfc/south/daily/1980/nt_19800701_n07_v1.1_s.bin']
1980,    07,  03,     14.417,      0.000, ['ftp://sidads.colorado.edu/pub/DATASETS/nsidc0051_gsfc_nasateam_seaice/final-gsfc/south/daily/1980/nt_19800703_n07_v1.1_s.bin']
1980,    07,  05,     14.686,      0.000, ['ftp://sidads.colorado.edu/pub/DATASETS/nsidc0051_gsfc_nasateam_seaice/final-gsfc/south/daily/1980/nt_19800705_n07_v1.1_s.bin']
1980,    07,  07,     14.935,      0.000, ['ftp://sidads.colorado.edu/pub/DATASETS/nsidc0051_gsfc_nasateam_seaice/final-gsfc/south/daily/1980/nt_19800707_n07_v1.1_s.bin']
1980,    07,  09,     15.066,      0.000, ['ftp://sidads.colorado.edu/pub/DATASETS/nsidc0051_gsfc_nasateam_seaice/final-gsfc/south/daily/1980/nt_19800709_n07_v1.1_s.bin']
1980,    07,  11,     15.226,      0.000, ['ftp://sidads.colorado.edu/pub/DATASETS/nsidc0051_gsfc_nasateam_seaice/final-gsfc/south/daily/1980/nt_19800711_n07_v1.1_s.bin']
1980,    07,  13,     15.429,      0.000, ['ftp://sidads.colorado.edu/pub/DATASETS/nsidc0051_gsfc_nasateam_seaice/final-gsfc/south/daily/1980/nt_19800713_n07_v1.1_s.bin']
1980,    07,  15,     15.539,      0.000, ['ftp://sidads.colorado.edu/pub/DATASETS/nsidc0051_gsfc_nasateam_seaice/final-gsfc/south/daily/1980/nt_19800715_n07_v1.1_s.bin']
1980,    07,  17,     15.719,      0.000, ['ftp://sidads.colorado.edu/pub/DATASETS/nsidc0051_gsfc_nasateam_seaice/final-gsfc/south/daily/1980/nt_19800717_n07_v1.1_s.bin']
1980,    07,  19,     15.846,      0.000, ['ftp://sidads.colorado.edu/pub/DATASETS/nsidc0051_gsfc_nasateam_seaice/final-gsfc/south/daily/1980/nt_19800719_n07_v1.1_s.bin']
1980,    07,  21,     15.967,      0.000, ['ftp://sidads.colorado.edu/pub/DATASETS/nsidc0051_gsfc_nasateam_seaice/final-gsfc/south/daily/1980/nt_19800721_n07_v1.1_s.bin']
1980,    07,  23,     16.158,      0.000, ['ftp://sidads.colorado.edu/pub/DATASETS/nsidc0051_gsfc_nasateam_seaice/final-gsfc/south/daily/1980/nt_19800723_n07_v1.1_s.bin']
1980,    07,  25,     16.289,      0.000, ['ftp://sidads.colorado.edu/pub/DATASETS/nsidc0051_gsfc_nasateam_seaice/final-gsfc/south/daily/1980/nt_19800725_n07_v1.1_s.bin']
1980,    07,  27,     16.468,      0.000, ['ftp://sidads.colorado.edu/pub/DATASETS/nsidc0051_gsfc_nasateam_seaice/final-gsfc/south/daily/1980/nt_19800727_n07_v1.1_s.bin']
1980,    07,  29,     16.505,      0.000, ['ftp://sidads.colorado.edu/pub/DATASETS/nsidc0051_gsfc_nasateam_seaice/final-gsfc/south/daily/1980/nt_19800729_n07_v1.1_s.bin']
1980,    07,  31,     16.582,      0.000, ['ftp://sidads.colorado.edu/pub/DATASETS/nsidc0051_gsfc_nasateam_seaice/final-gsfc/south/daily/1980/nt_19800731_n07_v1.1_s.bin']
1980,    08,  02,     16.672,      0.000, ['ftp://sidads.colorado.edu/pub/DATASETS/nsidc0051_gsfc_nasateam_seaice/final-gsfc/south/daily/1980/nt_19800802_n07_v1.1_s.bin']
1980,    08,  04,     17.078,      0.000, ['ftp://sidads.colorado.edu/pub/DATASETS/nsidc0051_gsfc_nasateam_seaice/final-gsfc/south/daily/1980/nt_19800804_n07_v1.1_s.bin']
1980,    08,  06,     17.282,      0.000, ['ftp://sidads.colorado.edu/pub/DATASETS/nsidc0051_gsfc_nasateam_seaice/final-gsfc/south/daily/1980/nt_19800806_n07_v1.1_s.bin']
1980,    08,  08,     17.297,      0.000, ['ftp://sidads.colorado.edu/pub/DATASETS/nsidc0051_gsfc_nasateam_seaice/final-gsfc/south/daily/1980/nt_19800808_n07_v1.1_s.bin']
1980,    08,  10,     17.572,      0.000, ['ftp://sidads.colorado.edu/pub/DATASETS/nsidc0051_gsfc_nasateam_seaice/final-gsfc/south/daily/1980/nt_19800810_n07_v1.1_s.bin']
1980,    08,  12,     17.768,      0.000, ['ftp://sidads.colorado.edu/pub/DATASETS/nsidc0051_gsfc_nasateam_seaice/final-gsfc/south/daily/1980/nt_19800812_n07_v1.1_s.bin']
1980,    08,  14,     17.932,      0.000, ['ftp://sidads.colorado.edu/pub/DATASETS/nsidc0051_gsfc_nasateam_seaice/final-gsfc/south/daily/1980/nt_19800814_n07_v1.1_s.bin']
1980,    08,  16,     17.880,      0.000, ['ftp://sidads.colorado.edu/pub/DATASETS/nsidc0051_gsfc_nasateam_seaice/final-gsfc/south/daily/1980/nt_19800816_n07_v1.1_s.bin']
1980,    08,  18,     17.944,      0.000, ['ftp://sidads.colorado.edu/pub/DATASETS/nsidc0051_gsfc_nasateam_seaice/final-gsfc/south/daily/1980/nt_19800818_n07_v1.1_s.bin']
1980,    08,  20,     18.140,      0.000, ['ftp://sidads.colorado.edu/pub/DATASETS/nsidc0051_gsfc_nasateam_seaice/final-gsfc/south/daily/1980/nt_19800820_n07_v1.1_s.bin']
1980,    08,  22,     18.143,      0.000, ['ftp://sidads.colorado.edu/pub/DATASETS/nsidc0051_gsfc_nasateam_seaice/final-gsfc/south/daily/1980/nt_19800822_n07_v1.1_s.bin']
1980,    08,  24,     18.270,      0.000, ['ftp://sidads.colorado.edu/pub/DATASETS/nsidc0051_gsfc_nasateam_seaice/final-gsfc/south/daily/1980/nt_19800824_n07_v1.1_s.bin']
1980,    08,  26,     18.338,      0.000, ['ftp://sidads.colorado.edu/pub/DATASETS/nsidc0051_gsfc_nasateam_seaice/final-gsfc/south/daily/1980/nt_19800826_n07_v1.1_s.bin']
1980,    08,  28,     18.341,      0.000, ['ftp://sidads.colorado.edu/pub/DATASETS/nsidc0051_gsfc_nasateam_seaice/final-gsfc/south/daily/1980/nt_19800828_n07_v1.1_s.bin']
1980,    08,  30,     18.427,      0.000, ['ftp://sidads.colorado.edu/pub/DATASETS/nsidc0051_gsfc_nasateam_seaice/final-gsfc/south/daily/1980/nt_19800830_n07_v1.1_s.bin']
1980,    09,  01,     18.612,      0.000, ['ftp://sidads.colorado.edu/pub/DATASETS/nsidc0051_gsfc_nasateam_seaice/final-gsfc/south/daily/1980/nt_19800901_n07_v1.1_s.bin']
1980,    09,  03,     18.604,      0.000, ['ftp://sidads.colorado.edu/pub/DATASETS/nsidc0051_gsfc_nasateam_seaice/final-gsfc/south/daily/1980/nt_19800903_n07_v1.1_s.bin']
1980,    09,  05,     18.619,      0.000, ['ftp://sidads.colorado.edu/pub/DATASETS/nsidc0051_gsfc_nasateam_seaice/final-gsfc/south/daily/1980/nt_19800905_n07_v1.1_s.bin']
1980,    09,  07,     18.653,      0.000, ['ftp://sidads.colorado.edu/pub/DATASETS/nsidc0051_gsfc_nasateam_seaice/final-gsfc/south/daily/1980/nt_19800907_n07_v1.1_s.bin']
1980,    09,  09,     18.586,      0.000, ['ftp://sidads.colorado.edu/pub/DATASETS/nsidc0051_gsfc_nasateam_seaice/final-gsfc/south/daily/1980/nt_19800909_n07_v1.1_s.bin']
1980,    09,  11,     18.736,      0.000, ['ftp://sidads.colorado.edu/pub/DATASETS/nsidc0051_gsfc_nasateam_seaice/final-gsfc/south/daily/1980/nt_19800911_n07_v1.1_s.bin']
1980,    09,  13,     18.784,      0.000, ['ftp://sidads.colorado.edu/pub/DATASETS/nsidc0051_gsfc_nasateam_seaice/final-gsfc/south/daily/1980/nt_19800913_n07_v1.1_s.bin']
1980,    09,  15,     18.842,      0.000, ['ftp://sidads.colorado.edu/pub/DATASETS/nsidc0051_gsfc_nasateam_seaice/final-gsfc/south/daily/1980/nt_19800915_n07_v1.1_s.bin']
1980,    09,  17,     18.830,      0.000, ['ftp://sidads.colorado.edu/pub/DATASETS/nsidc0051_gsfc_nasateam_seaice/final-gsfc/south/daily/1980/nt_19800917_n07_v1.1_s.bin']
1980,    09,  19,     18.977,      0.000, ['ftp://sidads.colorado.edu/pub/DATASETS/nsidc0051_gsfc_nasateam_seaice/final-gsfc/south/daily/1980/nt_19800919_n07_v1.1_s.bin']
1980,    09,  21,     19.026,      0.000, ['ftp://sidads.colorado.edu/pub/DATASETS/nsidc0051_gsfc_nasateam_seaice/final-gsfc/south/daily/1980/nt_19800921_n07_v1.1_s.bin']
1980,    09,  23,     19.092,      0.000, ['ftp://sidads.colorado.edu/pub/DATASETS/nsidc0051_gsfc_nasateam_seaice/final-gsfc/south/daily/1980/nt_19800923_n07_v1.1_s.bin']
1980,    09,  25,     19.020,      0.000, ['ftp://sidads.colorado.edu/pub/DATASETS/nsidc0051_gsfc_nasateam_seaice/final-gsfc/south/daily/1980/nt_19800925_n07_v1.1_s.bin']
1980,    09,  27,     18.917,      0.000, ['ftp://sidads.colorado.edu/pub/DATASETS/nsidc0051_gsfc_nasateam_seaice/final-gsfc/south/daily/1980/nt_19800927_n07_v1.1_s.bin']
1980,    09,  29,     18.961,      0.000, ['ftp://sidads.colorado.edu/pub/DATASETS/nsidc0051_gsfc_nasateam_seaice/final-gsfc/south/daily/1980/nt_19800929_n07_v1.1_s.bin']
1980,    10,  01,     18.877,      0.000, ['ftp://sidads.colorado.edu/pub/DATASETS/nsidc0051_gsfc_nasateam_seaice/final-gsfc/south/daily/1980/nt_19801001_n07_v1.1_s.bin']
1980,    10,  03,     18.883,      0.000, ['ftp://sidads.colorado.edu/pub/DATASETS/nsidc0051_gsfc_nasateam_seaice/final-gsfc/south/daily/1980/nt_19801003_n07_v1.1_s.bin']
1980,    10,  05,     18.834,      0.000, ['ftp://sidads.colorado.edu/pub/DATASETS/nsidc0051_gsfc_nasateam_seaice/final-gsfc/south/daily/1980/nt_19801005_n07_v1.1_s.bin']
1980,    10,  07,     18.725,      0.000, ['ftp://sidads.colorado.edu/pub/DATASETS/nsidc0051_gsfc_nasateam_seaice/final-gsfc/south/daily/1980/nt_19801007_n07_v1.1_s.bin']
1980,    10,  09,     18.786,      0.000, ['ftp://sidads.colorado.edu/pub/DATASETS/nsidc0051_gsfc_nasateam_seaice/final-gsfc/south/daily/1980/nt_19801009_n07_v1.1_s.bin']
1980,    10,  11,     18.793,      0.000, ['ftp://sidads.colorado.edu/pub/DATASETS/nsidc0051_gsfc_nasateam_seaice/final-gsfc/south/daily/1980/nt_19801011_n07_v1.1_s.bin']
1980,    10,  13,     18.794,      0.000, ['ftp://sidads.colorado.edu/pub/DATASETS/nsidc0051_gsfc_nasateam_seaice/final-gsfc/south/daily/1980/nt_19801013_n07_v1.1_s.bin']
1980,    10,  15,     18.913,      0.000, ['ftp://sidads.colorado.edu/pub/DATASETS/nsidc0051_gsfc_nasateam_seaice/final-gsfc/south/daily/1980/nt_19801015_n07_v1.1_s.bin']
1980,    10,  17,     18.660,      0.000, ['ftp://sidads.colorado.edu/pub/DATASETS/nsidc0051_gsfc_nasateam_seaice/final-gsfc/south/daily/1980/nt_19801017_n07_v1.1_s.bin']
1980,    10,  19,     18.536,      0.000, ['ftp://sidads.colorado.edu/pub/DATASETS/nsidc0051_gsfc_nasateam_seaice/final-gsfc/south/daily/1980/nt_19801019_n07_v1.1_s.bin']
1980,    10,  21,     18.469,      0.000, ['ftp://sidads.colorado.edu/pub/DATASETS/nsidc0051_gsfc_nasateam_seaice/final-gsfc/south/daily/1980/nt_19801021_n07_v1.1_s.bin']
1980,    10,  23,     18.367,      0.000, ['ftp://sidads.colorado.edu/pub/DATASETS/nsidc0051_gsfc_nasateam_seaice/final-gsfc/south/daily/1980/nt_19801023_n07_v1.1_s.bin']
1980,    10,  25,     18.312,      0.000, ['ftp://sidads.colorado.edu/pub/DATASETS/nsidc0051_gsfc_nasateam_seaice/final-gsfc/south/daily/1980/nt_19801025_n07_v1.1_s.bin']
1980,    10,  27,     18.209,      0.000, ['ftp://sidads.colorado.edu/pub/DATASETS/nsidc0051_gsfc_nasateam_seaice/final-gsfc/south/daily/1980/nt_19801027_n07_v1.1_s.bin']
1980,    10,  29,     18.064,      0.000, ['ftp://sidads.colorado.edu/pub/DATASETS/nsidc0051_gsfc_nasateam_seaice/final-gsfc/south/daily/1980/nt_19801029_n07_v1.1_s.bin']
1980,    10,  31,     17.864,      0.000, ['ftp://sidads.colorado.edu/pub/DATASETS/nsidc0051_gsfc_nasateam_seaice/final-gsfc/south/daily/1980/nt_19801031_n07_v1.1_s.bin']
1980,    11,  02,     17.725,      0.000, ['ftp://sidads.colorado.edu/pub/DATASETS/nsidc0051_gsfc_nasateam_seaice/final-gsfc/south/daily/1980/nt_19801102_n07_v1.1_s.bin']
1980,    11,  04,     17.504,      0.000, ['ftp://sidads.colorado.edu/pub/DATASETS/nsidc0051_gsfc_nasateam_seaice/final-gsfc/south/daily/1980/nt_19801104_n07_v1.1_s.bin']
1980,    11,  06,     17.321,      0.000, ['ftp://sidads.colorado.edu/pub/DATASETS/nsidc0051_gsfc_nasateam_seaice/final-gsfc/south/daily/1980/nt_19801106_n07_v1.1_s.bin']
1980,    11,  08,     17.235,      0.000, ['ftp://sidads.colorado.edu/pub/DATASETS/nsidc0051_gsfc_nasateam_seaice/final-gsfc/south/daily/1980/nt_19801108_n07_v1.1_s.bin']
1980,    11,  10,     17.077,      0.000, ['ftp://sidads.colorado.edu/pub/DATASETS/nsidc0051_gsfc_nasateam_seaice/final-gsfc/south/daily/1980/nt_19801110_n07_v1.1_s.bin']
1980,    11,  12,     16.900,      0.000, ['ftp://sidads.colorado.edu/pub/DATASETS/nsidc0051_gsfc_nasateam_seaice/final-gsfc/south/daily/1980/nt_19801112_n07_v1.1_s.bin']
1980,    11,  14,     16.633,      0.000, ['ftp://sidads.colorado.edu/pub/DATASETS/nsidc0051_gsfc_nasateam_seaice/final-gsfc/south/daily/1980/nt_19801114_n07_v1.1_s.bin']
1980,    11,  16,     16.394,      0.000, ['ftp://sidads.colorado.edu/pub/DATASETS/nsidc0051_gsfc_nasateam_seaice/final-gsfc/south/daily/1980/nt_19801116_n07_v1.1_s.bin']
1980,    11,  18,     16.133,      0.000, ['ftp://sidads.colorado.edu/pub/DATASETS/nsidc0051_gsfc_nasateam_seaice/final-gsfc/south/daily/1980/nt_19801118_n07_v1.1_s.bin']
1980,    11,  20,     15.758,      0.000, ['ftp://sidads.colorado.edu/pub/DATASETS/nsidc0051_gsfc_nasateam_seaice/final-gsfc/south/daily/1980/nt_19801120_n07_v1.1_s.bin']
1980,    11,  22,     15.378,      0.000, ['ftp://sidads.colorado.edu/pub/DATASETS/nsidc0051_gsfc_nasateam_seaice/final-gsfc/south/daily/1980/nt_19801122_n07_v1.1_s.bin']
1980,    11,  24,     15.015,      0.000, ['ftp://sidads.colorado.edu/pub/DATASETS/nsidc0051_gsfc_nasateam_seaice/final-gsfc/south/daily/1980/nt_19801124_n07_v1.1_s.bin']
1980,    11,  26,     14.714,      0.000, ['ftp://sidads.colorado.edu/pub/DATASETS/nsidc0051_gsfc_nasateam_seaice/final-gsfc/south/daily/1980/nt_19801126_n07_v1.1_s.bin']
1980,    11,  28,     14.334,      0.000, ['ftp://sidads.colorado.edu/pub/DATASETS/nsidc0051_gsfc_nasateam_seaice/final-gsfc/south/daily/1980/nt_19801128_n07_v1.1_s.bin']
1980,    11,  30,     13.876,      0.000, ['ftp://sidads.colorado.edu/pub/DATASETS/nsidc0051_gsfc_nasateam_seaice/final-gsfc/south/daily/1980/nt_19801130_n07_v1.1_s.bin']
1980,    12,  02,     13.549,      0.000, ['ftp://sidads.colorado.edu/pub/DATASETS/nsidc0051_gsfc_nasateam_seaice/final-gsfc/south/daily/1980/nt_19801202_n07_v1.1_s.bin']
1980,    12,  04,     13.156,      0.000, ['ftp://sidads.colorado.edu/pub/DATASETS/nsidc0051_gsfc_nasateam_seaice/final-gsfc/south/daily/1980/nt_19801204_n07_v1.1_s.bin']
1980,    12,  06,     12.601,      0.000, ['ftp://sidads.colorado.edu/pub/DATASETS/nsidc0051_gsfc_nasateam_seaice/final-gsfc/south/daily/1980/nt_19801206_n07_v1.1_s.bin']
1980,    12,  08,     12.097,      0.000, ['ftp://sidads.colorado.edu/pub/DATASETS/nsidc0051_gsfc_nasateam_seaice/final-gsfc/south/daily/1980/nt_19801208_n07_v1.1_s.bin']
1980,    12,  10,     11.659,      0.000, ['ftp://sidads.colorado.edu/pub/DATASETS/nsidc0051_gsfc_nasateam_seaice/final-gsfc/south/daily/1980/nt_19801210_n07_v1.1_s.bin']
1980,    12,  12,     11.170,      0.000, ['ftp://sidads.colorado.edu/pub/DATASETS/nsidc0051_gsfc_nasateam_seaice/final-gsfc/south/daily/1980/nt_19801212_n07_v1.1_s.bin']
1980,    12,  14,     10.702,      0.000, ['ftp://sidads.colorado.edu/pub/DATASETS/nsidc0051_gsfc_nasateam_seaice/final-gsfc/south/daily/1980/nt_19801214_n07_v1.1_s.bin']
1980,    12,  16,     10.212,      0.000, ['ftp://sidads.colorado.edu/pub/DATASETS/nsidc0051_gsfc_nasateam_seaice/final-gsfc/south/daily/1980/nt_19801216_n07_v1.1_s.bin']
1980,    12,  18,      9.676,      0.000, ['ftp://sidads.colorado.edu/pub/DATASETS/nsidc0051_gsfc_nasateam_seaice/final-gsfc/south/daily/1980/nt_19801218_n07_v1.1_s.bin']
1980,    12,  20,      9.342,      0.000, ['ftp://sidads.colorado.edu/pub/DATASETS/nsidc0051_gsfc_nasateam_seaice/final-gsfc/south/daily/1980/nt_19801220_n07_v1.1_s.bin']
1980,    12,  22,      8.650,      0.000, ['ftp://sidads.colorado.edu/pub/DATASETS/nsidc0051_gsfc_nasateam_seaice/final-gsfc/south/daily/1980/nt_19801222_n07_v1.1_s.bin']
1980,    12,  24,      8.100,      0.000, ['ftp://sidads.colorado.edu/pub/DATASETS/nsidc0051_gsfc_nasateam_seaice/final-gsfc/south/daily/1980/nt_19801224_n07_v1.1_s.bin']
1980,    12,  26,      7.612,      0.000, ['ftp://sidads.colorado.edu/pub/DATASETS/nsidc0051_gsfc_nasateam_seaice/final-gsfc/south/daily/1980/nt_19801226_n07_v1.1_s.bin']
1980,    12,  28,      7.178,      0.000, ['ftp://sidads.colorado.edu/pub/DATASETS/nsidc0051_gsfc_nasateam_seaice/final-gsfc/south/daily/1980/nt_19801228_n07_v1.1_s.bin']
1980,    12,  30,      6.634,      0.000, ['ftp://sidads.colorado.edu/pub/DATASETS/nsidc0051_gsfc_nasateam_seaice/final-gsfc/south/daily/1980/nt_19801230_n07_v1.1_s.bin']
1981,    01,  01,      6.323,      0.000, ['ftp://sidads.colorado.edu/pub/DATASETS/nsidc0051_gsfc_nasateam_seaice/final-gsfc/south/daily/1981/nt_19810101_n07_v1.1_s.bin']
1981,    01,  03,      5.791,      0.000, ['ftp://sidads.colorado.edu/pub/DATASETS/nsidc0051_gsfc_nasateam_seaice/final-gsfc/south/daily/1981/nt_19810103_n07_v1.1_s.bin']
1981,    01,  05,      5.351,      0.000, ['ftp://sidads.colorado.edu/pub/DATASETS/nsidc0051_gsfc_nasateam_seaice/final-gsfc/south/daily/1981/nt_19810105_n07_v1.1_s.bin']
1981,    01,  07,      5.191,      0.000, ['ftp://sidads.colorado.edu/pub/DATASETS/nsidc0051_gsfc_nasateam_seaice/final-gsfc/south/daily/1981/nt_19810107_n07_v1.1_s.bin']
1981,    01,  09,      4.775,      0.000, ['ftp://sidads.colorado.edu/pub/DATASETS/nsidc0051_gsfc_nasateam_seaice/final-gsfc/south/daily/1981/nt_19810109_n07_v1.1_s.bin']
1981,    01,  11,      4.588,      0.000, ['ftp://sidads.colorado.edu/pub/DATASETS/nsidc0051_gsfc_nasateam_seaice/final-gsfc/south/daily/1981/nt_19810111_n07_v1.1_s.bin']
1981,    01,  13,      4.503,      0.000, ['ftp://sidads.colorado.edu/pub/DATASETS/nsidc0051_gsfc_nasateam_seaice/final-gsfc/south/daily/1981/nt_19810113_n07_v1.1_s.bin']
1981,    01,  15,      4.286,      0.000, ['ftp://sidads.colorado.edu/pub/DATASETS/nsidc0051_gsfc_nasateam_seaice/final-gsfc/south/daily/1981/nt_19810115_n07_v1.1_s.bin']
1981,    01,  17,      4.073,      0.000, ['ftp://sidads.colorado.edu/pub/DATASETS/nsidc0051_gsfc_nasateam_seaice/final-gsfc/south/daily/1981/nt_19810117_n07_v1.1_s.bin']
1981,    01,  19,      3.971,      0.000, ['ftp://sidads.colorado.edu/pub/DATASETS/nsidc0051_gsfc_nasateam_seaice/final-gsfc/south/daily/1981/nt_19810119_n07_v1.1_s.bin']
1981,    01,  21,      3.838,      0.000, ['ftp://sidads.colorado.edu/pub/DATASETS/nsidc0051_gsfc_nasateam_seaice/final-gsfc/south/daily/1981/nt_19810121_n07_v1.1_s.bin']
1981,    01,  23,      3.745,      0.000, ['ftp://sidads.colorado.edu/pub/DATASETS/nsidc0051_gsfc_nasateam_seaice/final-gsfc/south/daily/1981/nt_19810123_n07_v1.1_s.bin']
1981,    01,  25,      3.699,      0.000, ['ftp://sidads.colorado.edu/pub/DATASETS/nsidc0051_gsfc_nasateam_seaice/final-gsfc/south/daily/1981/nt_19810125_n07_v1.1_s.bin']
1981,    01,  27,      3.536,      0.000, ['ftp://sidads.colorado.edu/pub/DATASETS/nsidc0051_gsfc_nasateam_seaice/final-gsfc/south/daily/1981/nt_19810127_n07_v1.1_s.bin']
1981,    01,  29,      3.509,      0.000, ['ftp://sidads.colorado.edu/pub/DATASETS/nsidc0051_gsfc_nasateam_seaice/final-gsfc/south/daily/1981/nt_19810129_n07_v1.1_s.bin']
1981,    01,  31,      3.411,      0.000, ['ftp://sidads.colorado.edu/pub/DATASETS/nsidc0051_gsfc_nasateam_seaice/final-gsfc/south/daily/1981/nt_19810131_n07_v1.1_s.bin']
1981,    02,  02,      3.297,      0.000, ['ftp://sidads.colorado.edu/pub/DATASETS/nsidc0051_gsfc_nasateam_seaice/final-gsfc/south/daily/1981/nt_19810202_n07_v1.1_s.bin']
1981,    02,  04,      3.214,      0.000, ['ftp://sidads.colorado.edu/pub/DATASETS/nsidc0051_gsfc_nasateam_seaice/final-gsfc/south/daily/1981/nt_19810204_n07_v1.1_s.bin']
1981,    02,  06,      3.111,      0.000, ['ftp://sidads.colorado.edu/pub/DATASETS/nsidc0051_gsfc_nasateam_seaice/final-gsfc/south/daily/1981/nt_19810206_n07_v1.1_s.bin']
1981,    02,  08,      2.935,      0.000, ['ftp://sidads.colorado.edu/pub/DATASETS/nsidc0051_gsfc_nasateam_seaice/final-gsfc/south/daily/1981/nt_19810208_n07_v1.1_s.bin']
1981,    02,  10,      2.878,      0.000, ['ftp://sidads.colorado.edu/pub/DATASETS/nsidc0051_gsfc_nasateam_seaice/final-gsfc/south/daily/1981/nt_19810210_n07_v1.1_s.bin']
1981,    02,  12,      2.821,      0.000, ['ftp://sidads.colorado.edu/pub/DATASETS/nsidc0051_gsfc_nasateam_seaice/final-gsfc/south/daily/1981/nt_19810212_n07_v1.1_s.bin']
1981,    02,  14,      2.763,      0.000, ['ftp://sidads.colorado.edu/pub/DATASETS/nsidc0051_gsfc_nasateam_seaice/final-gsfc/south/daily/1981/nt_19810214_n07_v1.1_s.bin']
1981,    02,  16,      2.707,      0.000, ['ftp://sidads.colorado.edu/pub/DATASETS/nsidc0051_gsfc_nasateam_seaice/final-gsfc/south/daily/1981/nt_19810216_n07_v1.1_s.bin']
1981,    02,  18,      2.705,      0.000, ['ftp://sidads.colorado.edu/pub/DATASETS/nsidc0051_gsfc_nasateam_seaice/final-gsfc/south/daily/1981/nt_19810218_n07_v1.1_s.bin']
1981,    02,  20,      2.694,      0.000, ['ftp://sidads.colorado.edu/pub/DATASETS/nsidc0051_gsfc_nasateam_seaice/final-gsfc/south/daily/1981/nt_19810220_n07_v1.1_s.bin']
1981,    02,  22,      2.731,      0.000, ['ftp://sidads.colorado.edu/pub/DATASETS/nsidc0051_gsfc_nasateam_seaice/final-gsfc/south/daily/1981/nt_19810222_n07_v1.1_s.bin']
1981,    02,  24,      2.742,      0.000, ['ftp://sidads.colorado.edu/pub/DATASETS/nsidc0051_gsfc_nasateam_seaice/final-gsfc/south/daily/1981/nt_19810224_n07_v1.1_s.bin']
1981,    02,  26,      2.834,      0.000, ['ftp://sidads.colorado.edu/pub/DATASETS/nsidc0051_gsfc_nasateam_seaice/final-gsfc/south/daily/1981/nt_19810226_n07_v1.1_s.bin']
1981,    02,  28,      2.797,      0.000, ['ftp://sidads.colorado.edu/pub/DATASETS/nsidc0051_gsfc_nasateam_seaice/final-gsfc/south/daily/1981/nt_19810228_n07_v1.1_s.bin']
1981,    03,  02,      2.724,      0.000, ['ftp://sidads.colorado.edu/pub/DATASETS/nsidc0051_gsfc_nasateam_seaice/final-gsfc/south/daily/1981/nt_19810302_n07_v1.1_s.bin']
1981,    03,  04,      2.759,      0.000, ['ftp://sidads.colorado.edu/pub/DATASETS/nsidc0051_gsfc_nasateam_seaice/final-gsfc/south/daily/1981/nt_19810304_n07_v1.1_s.bin']
1981,    03,  06,      2.755,      0.000, ['ftp://sidads.colorado.edu/pub/DATASETS/nsidc0051_gsfc_nasateam_seaice/final-gsfc/south/daily/1981/nt_19810306_n07_v1.1_s.bin']
1981,    03,  08,      2.862,      0.000, ['ftp://sidads.colorado.edu/pub/DATASETS/nsidc0051_gsfc_nasateam_seaice/final-gsfc/south/daily/1981/nt_19810308_n07_v1.1_s.bin']
1981,    03,  10,      3.013,      0.000, ['ftp://sidads.colorado.edu/pub/DATASETS/nsidc0051_gsfc_nasateam_seaice/final-gsfc/south/daily/1981/nt_19810310_n07_v1.1_s.bin']
1981,    03,  12,      3.075,      0.000, ['ftp://sidads.colorado.edu/pub/DATASETS/nsidc0051_gsfc_nasateam_seaice/final-gsfc/south/daily/1981/nt_19810312_n07_v1.1_s.bin']
1981,    03,  14,      3.226,      0.000, ['ftp://sidads.colorado.edu/pub/DATASETS/nsidc0051_gsfc_nasateam_seaice/final-gsfc/south/daily/1981/nt_19810314_n07_v1.1_s.bin']
1981,    03,  16,      3.338,      0.000, ['ftp://sidads.colorado.edu/pub/DATASETS/nsidc0051_gsfc_nasateam_seaice/final-gsfc/south/daily/1981/nt_19810316_n07_v1.1_s.bin']
1981,    03,  18,      3.442,      0.000, ['ftp://sidads.colorado.edu/pub/DATASETS/nsidc0051_gsfc_nasateam_seaice/final-gsfc/south/daily/1981/nt_19810318_n07_v1.1_s.bin']
1981,    03,  20,      3.514,      0.000, ['ftp://sidads.colorado.edu/pub/DATASETS/nsidc0051_gsfc_nasateam_seaice/final-gsfc/south/daily/1981/nt_19810320_n07_v1.1_s.bin']
1981,    03,  22,      3.672,      0.000, ['ftp://sidads.colorado.edu/pub/DATASETS/nsidc0051_gsfc_nasateam_seaice/final-gsfc/south/daily/1981/nt_19810322_n07_v1.1_s.bin']
1981,    03,  24,      3.893,      0.000, ['ftp://sidads.colorado.edu/pub/DATASETS/nsidc0051_gsfc_nasateam_seaice/final-gsfc/south/daily/1981/nt_19810324_n07_v1.1_s.bin']
1981,    03,  26,      4.114,      0.000, ['ftp://sidads.colorado.edu/pub/DATASETS/nsidc0051_gsfc_nasateam_seaice/final-gsfc/south/daily/1981/nt_19810326_n07_v1.1_s.bin']
1981,    03,  28,      4.195,      0.000, ['ftp://sidads.colorado.edu/pub/DATASETS/nsidc0051_gsfc_nasateam_seaice/final-gsfc/south/daily/1981/nt_19810328_n07_v1.1_s.bin']
1981,    03,  30,      4.291,      0.000, ['ftp://sidads.colorado.edu/pub/DATASETS/nsidc0051_gsfc_nasateam_seaice/final-gsfc/south/daily/1981/nt_19810330_n07_v1.1_s.bin']
1981,    04,  01,      4.505,      0.000, ['ftp://sidads.colorado.edu/pub/DATASETS/nsidc0051_gsfc_nasateam_seaice/final-gsfc/south/daily/1981/nt_19810401_n07_v1.1_s.bin']
1981,    04,  03,      4.589,      0.000, ['ftp://sidads.colorado.edu/pub/DATASETS/nsidc0051_gsfc_nasateam_seaice/final-gsfc/south/daily/1981/nt_19810403_n07_v1.1_s.bin']
1981,    04,  05,      4.787,      0.000, ['ftp://sidads.colorado.edu/pub/DATASETS/nsidc0051_gsfc_nasateam_seaice/final-gsfc/south/daily/1981/nt_19810405_n07_v1.1_s.bin']
1981,    04,  07,      5.018,      0.000, ['ftp://sidads.colorado.edu/pub/DATASETS/nsidc0051_gsfc_nasateam_seaice/final-gsfc/south/daily/1981/nt_19810407_n07_v1.1_s.bin']
1981,    04,  09,      5.136,      0.000, ['ftp://sidads.colorado.edu/pub/DATASETS/nsidc0051_gsfc_nasateam_seaice/final-gsfc/south/daily/1981/nt_19810409_n07_v1.1_s.bin']
1981,    04,  11,      5.417,      0.000, ['ftp://sidads.colorado.edu/pub/DATASETS/nsidc0051_gsfc_nasateam_seaice/final-gsfc/south/daily/1981/nt_19810411_n07_v1.1_s.bin']
1981,    04,  13,      5.565,      0.000, ['ftp://sidads.colorado.edu/pub/DATASETS/nsidc0051_gsfc_nasateam_seaice/final-gsfc/south/daily/1981/nt_19810413_n07_v1.1_s.bin']
1981,    04,  15,      5.793,      0.000, ['ftp://sidads.colorado.edu/pub/DATASETS/nsidc0051_gsfc_nasateam_seaice/final-gsfc/south/daily/1981/nt_19810415_n07_v1.1_s.bin']
1981,    04,  17,      5.988,      0.000, ['ftp://sidads.colorado.edu/pub/DATASETS/nsidc0051_gsfc_nasateam_seaice/final-gsfc/south/daily/1981/nt_19810417_n07_v1.1_s.bin']
1981,    04,  19,      6.214,      0.000, ['ftp://sidads.colorado.edu/pub/DATASETS/nsidc0051_gsfc_nasateam_seaice/final-gsfc/south/daily/1981/nt_19810419_n07_v1.1_s.bin']
1981,    04,  21,      6.393,      0.000, ['ftp://sidads.colorado.edu/pub/DATASETS/nsidc0051_gsfc_nasateam_seaice/final-gsfc/south/daily/1981/nt_19810421_n07_v1.1_s.bin']
1981,    04,  23,      6.717,      0.000, ['ftp://sidads.colorado.edu/pub/DATASETS/nsidc0051_gsfc_nasateam_seaice/final-gsfc/south/daily/1981/nt_19810423_n07_v1.1_s.bin']
1981,    04,  25,      6.903,      0.000, ['ftp://sidads.colorado.edu/pub/DATASETS/nsidc0051_gsfc_nasateam_seaice/final-gsfc/south/daily/1981/nt_19810425_n07_v1.1_s.bin']
1981,    04,  27,      7.167,      0.000, ['ftp://sidads.colorado.edu/pub/DATASETS/nsidc0051_gsfc_nasateam_seaice/final-gsfc/south/daily/1981/nt_19810427_n07_v1.1_s.bin']
1981,    04,  29,      7.385,      0.000, ['ftp://sidads.colorado.edu/pub/DATASETS/nsidc0051_gsfc_nasateam_seaice/final-gsfc/south/daily/1981/nt_19810429_n07_v1.1_s.bin']
1981,    05,  01,      7.549,      0.000, ['ftp://sidads.colorado.edu/pub/DATASETS/nsidc0051_gsfc_nasateam_seaice/final-gsfc/south/daily/1981/nt_19810501_n07_v1.1_s.bin']
1981,    05,  03,      7.750,      0.000, ['ftp://sidads.colorado.edu/pub/DATASETS/nsidc0051_gsfc_nasateam_seaice/final-gsfc/south/daily/1981/nt_19810503_n07_v1.1_s.bin']
1981,    05,  05,      8.029,      0.000, ['ftp://sidads.colorado.edu/pub/DATASETS/nsidc0051_gsfc_nasateam_seaice/final-gsfc/south/daily/1981/nt_19810505_n07_v1.1_s.bin']
1981,    05,  07,      8.269,      0.000, ['ftp://sidads.colorado.edu/pub/DATASETS/nsidc0051_gsfc_nasateam_seaice/final-gsfc/south/daily/1981/nt_19810507_n07_v1.1_s.bin']
1981,    05,  09,      8.439,      0.000, ['ftp://sidads.colorado.edu/pub/DATASETS/nsidc0051_gsfc_nasateam_seaice/final-gsfc/south/daily/1981/nt_19810509_n07_v1.1_s.bin']
1981,    05,  11,      8.671,      0.000, ['ftp://sidads.colorado.edu/pub/DATASETS/nsidc0051_gsfc_nasateam_seaice/final-gsfc/south/daily/1981/nt_19810511_n07_v1.1_s.bin']
1981,    05,  13,      8.912,      0.000, ['ftp://sidads.colorado.edu/pub/DATASETS/nsidc0051_gsfc_nasateam_seaice/final-gsfc/south/daily/1981/nt_19810513_n07_v1.1_s.bin']
1981,    05,  15,      9.225,      0.000, ['ftp://sidads.colorado.edu/pub/DATASETS/nsidc0051_gsfc_nasateam_seaice/final-gsfc/south/daily/1981/nt_19810515_n07_v1.1_s.bin']
1981,    05,  17,      9.396,      0.000, ['ftp://sidads.colorado.edu/pub/DATASETS/nsidc0051_gsfc_nasateam_seaice/final-gsfc/south/daily/1981/nt_19810517_n07_v1.1_s.bin']
1981,    05,  19,      9.707,      0.000, ['ftp://sidads.colorado.edu/pub/DATASETS/nsidc0051_gsfc_nasateam_seaice/final-gsfc/south/daily/1981/nt_19810519_n07_v1.1_s.bin']
1981,    05,  21,      9.932,      0.000, ['ftp://sidads.colorado.edu/pub/DATASETS/nsidc0051_gsfc_nasateam_seaice/final-gsfc/south/daily/1981/nt_19810521_n07_v1.1_s.bin']
1981,    05,  23,     10.293,      0.000, ['ftp://sidads.colorado.edu/pub/DATASETS/nsidc0051_gsfc_nasateam_seaice/final-gsfc/south/daily/1981/nt_19810523_n07_v1.1_s.bin']
1981,    05,  25,     10.481,      0.000, ['ftp://sidads.colorado.edu/pub/DATASETS/nsidc0051_gsfc_nasateam_seaice/final-gsfc/south/daily/1981/nt_19810525_n07_v1.1_s.bin']
1981,    05,  27,     10.701,      0.000, ['ftp://sidads.colorado.edu/pub/DATASETS/nsidc0051_gsfc_nasateam_seaice/final-gsfc/south/daily/1981/nt_19810527_n07_v1.1_s.bin']
1981,    05,  29,     10.987,      0.000, ['ftp://sidads.colorado.edu/pub/DATASETS/nsidc0051_gsfc_nasateam_seaice/final-gsfc/south/daily/1981/nt_19810529_n07_v1.1_s.bin']
1981,    05,  31,     11.333,      0.000, ['ftp://sidads.colorado.edu/pub/DATASETS/nsidc0051_gsfc_nasateam_seaice/final-gsfc/south/daily/1981/nt_19810531_n07_v1.1_s.bin']
1981,    06,  02,     11.609,      0.000, ['ftp://sidads.colorado.edu/pub/DATASETS/nsidc0051_gsfc_nasateam_seaice/final-gsfc/south/daily/1981/nt_19810602_n07_v1.1_s.bin']
1981,    06,  04,     11.792,      0.000, ['ftp://sidads.colorado.edu/pub/DATASETS/nsidc0051_gsfc_nasateam_seaice/final-gsfc/south/daily/1981/nt_19810604_n07_v1.1_s.bin']
1981,    06,  06,     11.822,      0.000, ['ftp://sidads.colorado.edu/pub/DATASETS/nsidc0051_gsfc_nasateam_seaice/final-gsfc/south/daily/1981/nt_19810606_n07_v1.1_s.bin']
1981,    06,  08,     11.885,      0.000, ['ftp://sidads.colorado.edu/pub/DATASETS/nsidc0051_gsfc_nasateam_seaice/final-gsfc/south/daily/1981/nt_19810608_n07_v1.1_s.bin']
1981,    06,  10,     12.236,      0.000, ['ftp://sidads.colorado.edu/pub/DATASETS/nsidc0051_gsfc_nasateam_seaice/final-gsfc/south/daily/1981/nt_19810610_n07_v1.1_s.bin']
1981,    06,  12,     12.599,      0.000, ['ftp://sidads.colorado.edu/pub/DATASETS/nsidc0051_gsfc_nasateam_seaice/final-gsfc/south/daily/1981/nt_19810612_n07_v1.1_s.bin']
1981,    06,  14,     12.768,      0.000, ['ftp://sidads.colorado.edu/pub/DATASETS/nsidc0051_gsfc_nasateam_seaice/final-gsfc/south/daily/1981/nt_19810614_n07_v1.1_s.bin']
1981,    06,  16,     13.142,      0.000, ['ftp://sidads.colorado.edu/pub/DATASETS/nsidc0051_gsfc_nasateam_seaice/final-gsfc/south/daily/1981/nt_19810616_n07_v1.1_s.bin']
1981,    06,  18,     13.593,      0.000, ['ftp://sidads.colorado.edu/pub/DATASETS/nsidc0051_gsfc_nasateam_seaice/final-gsfc/south/daily/1981/nt_19810618_n07_v1.1_s.bin']
1981,    06,  20,     13.670,      0.000, ['ftp://sidads.colorado.edu/pub/DATASETS/nsidc0051_gsfc_nasateam_seaice/final-gsfc/south/daily/1981/nt_19810620_n07_v1.1_s.bin']
1981,    06,  22,     13.754,      0.000, ['ftp://sidads.colorado.edu/pub/DATASETS/nsidc0051_gsfc_nasateam_seaice/final-gsfc/south/daily/1981/nt_19810622_n07_v1.1_s.bin']
1981,    06,  24,     14.008,      0.000, ['ftp://sidads.colorado.edu/pub/DATASETS/nsidc0051_gsfc_nasateam_seaice/final-gsfc/south/daily/1981/nt_19810624_n07_v1.1_s.bin']
1981,    06,  26,     14.317,      0.000, ['ftp://sidads.colorado.edu/pub/DATASETS/nsidc0051_gsfc_nasateam_seaice/final-gsfc/south/daily/1981/nt_19810626_n07_v1.1_s.bin']
1981,    06,  28,     14.599,      0.000, ['ftp://sidads.colorado.edu/pub/DATASETS/nsidc0051_gsfc_nasateam_seaice/final-gsfc/south/daily/1981/nt_19810628_n07_v1.1_s.bin']
1981,    06,  30,     14.834,      0.000, ['ftp://sidads.colorado.edu/pub/DATASETS/nsidc0051_gsfc_nasateam_seaice/final-gsfc/south/daily/1981/nt_19810630_n07_v1.1_s.bin']
1981,    07,  02,     15.061,      0.000, ['ftp://sidads.colorado.edu/pub/DATASETS/nsidc0051_gsfc_nasateam_seaice/final-gsfc/south/daily/1981/nt_19810702_n07_v1.1_s.bin']
1981,    07,  04,     15.235,      0.000, ['ftp://sidads.colorado.edu/pub/DATASETS/nsidc0051_gsfc_nasateam_seaice/final-gsfc/south/daily/1981/nt_19810704_n07_v1.1_s.bin']
1981,    07,  06,     15.362,      0.000, ['ftp://sidads.colorado.edu/pub/DATASETS/nsidc0051_gsfc_nasateam_seaice/final-gsfc/south/daily/1981/nt_19810706_n07_v1.1_s.bin']
1981,    07,  08,     15.356,      0.000, ['ftp://sidads.colorado.edu/pub/DATASETS/nsidc0051_gsfc_nasateam_seaice/final-gsfc/south/daily/1981/nt_19810708_n07_v1.1_s.bin']
1981,    07,  10,     15.559,      0.000, ['ftp://sidads.colorado.edu/pub/DATASETS/nsidc0051_gsfc_nasateam_seaice/final-gsfc/south/daily/1981/nt_19810710_n07_v1.1_s.bin']
1981,    07,  12,     15.757,      0.000, ['ftp://sidads.colorado.edu/pub/DATASETS/nsidc0051_gsfc_nasateam_seaice/final-gsfc/south/daily/1981/nt_19810712_n07_v1.1_s.bin']
1981,    07,  14,     15.918,      0.000, ['ftp://sidads.colorado.edu/pub/DATASETS/nsidc0051_gsfc_nasateam_seaice/final-gsfc/south/daily/1981/nt_19810714_n07_v1.1_s.bin']
1981,    07,  16,     16.021,      0.000, ['ftp://sidads.colorado.edu/pub/DATASETS/nsidc0051_gsfc_nasateam_seaice/final-gsfc/south/daily/1981/nt_19810716_n07_v1.1_s.bin']
